Rk,Player,Tm,2020-21,2021-22,2022-23,2023-24,2024-25,2025-26,Signed Using,Guaranteed
1,Stephen Curry\curryst01,GSW,43006362.00,45780966.00,,,,,Bird Rights,88787328.00
2,Russell Westbrook\westbru01,WAS,41358814.00,44211146.00,47063478.00,,,,Bird Rights,85569960.00
3,Chris Paul\paulch01,PHO,41358814.00,44211146.00,,,,,Bird Rights,41358814.00
4,John Wall\walljo01,HOU,41254920.00,44310840.00,47366760.00,,,,Bird Rights,85565760.00
5,James Harden\hardeja01,BRK,40824000.00,43848000.00,46872000.00,,,,Bird Rights,84672000.00
6,LeBron James\jamesle01,LAL,39219565.00,41180544.00,44474988.00,,,,Cap Space,124875097.00
7,Kevin Durant\duranke01,BRK,39058950.00,40918900.00,42778850.00,,,,Sign and Trade,79977850.00
8,Paul George\georgpa01,LAC,35450412.00,39344970.00,42492568.00,45640165.00,48787763.00,,Maximum Salary,162928115.00
9,Klay Thompson\thompkl01,GSW,35361360.00,37980720.00,40600080.00,43219440.00,,,Bird Rights,157161600.00
10,Mike Conley\conlemi01,UTA,34504132.00,,,,,,Cap Space,34504132.00
11,Jimmy Butler\butleji01,MIA,34379100.00,36016200.00,37653300.00,,,,Sign and Trade,70395300.00
12,Kemba Walker\walkeke02,BOS,34379100.00,36016200.00,37653300.00,,,,Sign and Trade,70395300.00
13,Kawhi Leonard\leonaka01,LAC,34379100.00,36016200.00,,,,,Cap Space,34379100.00
14,Tobias Harris\harrito02,PHI,33517241.00,36000000.00,38482759.00,40965517.00,,,Bird Rights,148965517.00
15,Kyrie Irving\irvinky01,BRK,33329100.00,34916200.00,36503300.00,,,,Cap space,104748600.00
16,Khris Middleton\middlkh01,MIL,33051724.00,35500000.00,37948276.00,40396552.00,,,Bird Rights,106500000.00
17,Anthony Davis\davisan02,LAL,32742000.00,35361360.00,37980720.00,40600080.00,43219440.00,,Bird,146684160.00
18,Blake Griffin\griffbl01,DET,33685241.00,29764126.00,,,,,,62219691.00
19,Damian Lillard\lillada01,POR,31626953.00,43750000.00,47250000.00,50750000.00,54250000.00,,1st Round Pick,227626953.00
20,Kevin Love\loveke01,CLE,31300000.00,31300000.00,28900000.00,,,,Bird Rights,91500000.00
21,Kyle Lowry\lowryky01,TOR,30000000.00,,,,,,Bird Rights,30000000.00
22,Joel Embiid\embiijo01,PHI,29542010.00,31579390.00,33616770.00,,,,1st Round Pick,94738170.00
23,Andrew Wiggins\wiggian01,GSW,29542010.00,31579390.00,33616770.00,,,,1st Round Pick,94738170.00
24,Kristaps Porziņģis\porzikr01,DAL,29467800.00,31650600.00,33833400.00,36016200.00,,,Bird Rights,94951800.00
25,Devin Booker\bookede01,PHO,29430000.00,31610000.00,33790000.00,35970000.00,,,1st round pick,130800000.00
26,Karl-Anthony Towns\townska01,MIN,29430000.00,31610000.00,33790000.00,35970000.00,,,1st Round Pick,128620000.00
27,CJ McCollum\mccolcj01,POR,29354152.00,30864198.00,33333333.00,35802469.00,,,1st Round Pick,129354152.00
28,Ben Simmons\simmobe01,PHI,29250000.00,31590000.00,33930000.00,36270000.00,38610000.00,,1st Round pick,169650000.00
29,Jamal Murray\murraja01,DEN,29250000.00,31590000.00,33930000.00,36270000.00,38610000.00,,1st Round pick,169650000.00
30,Pascal Siakam\siakapa01,TOR,29000000.00,31320000.00,33640000.00,35960000.00,,,1st Round pick,129920000.00
31,Bradley Beal\bealbr01,WAS,28751775.00,34502130.00,37262300.00,,,,Cap Space,63253905.00
32,Andre Drummond\drumman01,CLE,29546311.00,,,,,,,28751775.00
33,D'Angelo Russell\russeda01,MIN,28649250.00,30013500.00,31377750.00,,,,Sign and Trade,90040500.00
34,Nikola Jokić\jokicni01,DEN,28542009.00,30510423.00,32478837.00,,,,Bird Rights,91531269.00
35,Gordon Hayward\haywago01,CHO,28500000.00,29900000.00,30100000.00,31500000.00,,,Sign and Trade,120000000.00
36,Otto Porter\porteot01,ORL,28489239.00,,,,,,Bird Rights,28489239.00
37,DeMar DeRozan\derozde01,SAS,27739975.00,,,,,,Cap Space,27739975.00
38,Giannis Antetokounmpo\antetgi01,MIL,27528090.00,39344970.00,42492568.00,45640165.00,48787763.00,51935360.00,1st Round Pick,203793556.00
39,Steven Adams\adamsst01,NOP,27528090.00,17073171.00,17926829.00,,,,1st Round Pick,62528090.00
40,Al Horford\horfoal01,OKC,27500000.00,27000000.00,26500000.00,,,,Cap Space,69000000.00
41,Brandon Ingram\ingrabr01,NOP,27285000.00,29467800.00,31650600.00,33833400.00,36016200.00,,Bird,158253000.00
42,Rudy Gobert\goberru01,UTA,26525281.00,35344828.00,38172414.00,41000000.00,43827587.00,46655173.00,1st Round Pick,184870110.00
43,Jrue Holiday\holidjr01,MIL,26131111.00,30133333.00,32393333.00,34653333.00,36913333.00,,Bird Rights,123311110.00
44,Nikola Vučević\vucevni01,CHI,26000000.00,24000000.00,22000000.00,,,,Bird Rights,72000000.00
45,Buddy Hield\hieldbu01,SAC,24431818.00,22477273.00,20522727.00,18568182.00,,,1st Round pick,86000000.00
46,Jaylen Brown\brownja02,BOS,22991071.00,24830357.00,26669643.00,28508929.00,,,1st Round pick,103000000.00
47,Draymond Green\greendr01,GSW,22246956.00,24026712.00,25806469.00,27586225.00,,,Bird Rights,72080137.00
48,Harrison Barnes\barneha02,SAC,22215909.00,20284091.00,18352273.00,,,,Bird Rights,60852273.00
49,Fred VanVleet\vanvlfr01,TOR,21250000.00,19675926.00,21250000.00,22824074.00,,,Bird,62175926.00
50,Victor Oladipo\oladivi01,MIA,21000000.00,,,,,,1st Round Pick,21000000.00
51,Malcolm Brogdon\brogdma01,IND,20700000.00,21700000.00,22600000.00,,,,Sign and Trade,65000000.00
52,Danilo Gallinari\gallida01,ATL,19500000.00,20475000.00,21450000.00,,,,Sign and Trade,44975000.00
53,Zach LaVine\lavinza01,CHI,19500000.00,19500000.00,,,,,Cap space,39000000.00
54,Gary Harris\harriga01,ORL,19160714.00,20482143.00,,,,,1st Round Pick,39642857.00
55,Jerami Grant\grantje01,DET,19047619.00,20000000.00,20952381.00,,,,Sign and Trade,60000000.00
56,Tim Hardaway Jr.\hardati02,DAL,18975000.00,,,,,,Cap space,18975000.00
57,Terry Rozier\roziete01,CHO,18900000.00,17905263.00,,,,,Sign and Trade,36805263.00
58,Julius Randle\randlju01,NYK,18900000.00,19800000.00,,,,,Cap Space,22900000.00
59,LaMarcus Aldridge\aldrila01,SAS,19078340.00,,,,,,,18200000.00
60,Aaron Gordon\gordoaa01,DEN,18136364.00,16409091.00,,,,,Bird Rights,34545455.00
61,Myles Turner\turnemy01,IND,18000000.00,18000000.00,18000000.00,,,,1st Round pick,54000000.00
62,Bogdan Bogdanović\bogdabo01,ATL,18000000.00,18000000.00,18000000.00,18000000.00,,,Cap Space,54000000.00
63,Goran Dragić\dragigo01,MIA,18000000.00,19440000.00,,,,,Bird,18000000.00
64,Bojan Bogdanović\bogdabo02,UTA,17850000.00,18700000.00,19550000.00,,,,Cap Space,56100000.00
65,Domantas Sabonis\sabondo01,IND,17187500.00,18562500.00,19937500.00,21312500.00,,,1st Round pick,77000000.00
66,Ricky Rubio\rubiori01,MIN,17000000.00,17809524.00,,,,,Cap Space,34809524.00
67,Evan Fournier\fournev01,BOS,17000000.00,,,,,,Cap Space,17000000.00
68,Eric Bledsoe\bledser01,NOP,16875000.00,18125000.00,19375000.00,,,,Bird Rights,38900000.00
69,Eric Gordon\gordoer01,HOU,16869276.00,18218818.00,19568360.00,20917902.00,,,Cap Space,54656454.00
70,Gorgui Dieng\dienggo01,MEM,17587688.00,,,,,,,16587688.00
71,Caris LeVert\leverca01,IND,16203704.00,17500000.00,18796296.00,,,,1st Round pick,52500000.00
72,Joe Harris\harrijo01,BRK,16071429.00,17357143.00,18642857.00,19928571.00,,,Bird,72000000.00
73,James Johnson\johnsja01,NOP,16047100.00,,,,,,Cap space,16047100.00
74,Clint Capela\capelca01,ATL,16000000.00,17103448.00,18206897.00,,,,Bird Rights,51310345.00
75,Dennis Schröder\schrode01,LAL,15500000.00,,,,,,1st Round Pick,15500000.00
76,Cody Zeller\zelleco01,CHO,15415730.00,,,,,,1st Round Pick,15415730.00
77,Danny Green\greenda02,PHI,15365854.00,,,,,,Cap Space,15365854.00
78,Dāvis Bertāns\bertada01,WAS,15000000.00,16000000.00,16000000.00,17000000.00,16000000.00,,Bird,75000000.00
79,Jonas Valančiūnas\valanjo01,MEM,15000000.00,14000000.00,,,,,Bird Rights,29000000.00
80,Andre Iguodala\iguodan01,MIA,15000000.00,15000000.00,,,,,Bird Rights,15000000.00
81,Marcus Morris\morrima03,LAC,14883721.00,15627907.00,16372093.00,17116279.00,,,Non Bird,64000000.00
82,Kelly Oubre Jr.\oubreke01,GSW,14375000.00,,,,,,Bird Rights,14375000.00
83,Dejounte Murray\murrade01,SAS,14285714.00,15428571.00,16571429.00,17714286.00,,,1st Round pick,64000000.00
84,Rudy Gay\gayru01,SAS,14000000.00,,,,,,Early Bird Rights,14000000.00
85,Taurean Prince\princta02,CLE,13942308.00,15057692.00,,,,,1st Round pick,29000000.00
86,Will Barton\bartowi01,DEN,13920000.00,14880000.00,,,,,Bird Rights,13920000.00
87,Thaddeus Young\youngth01,CHI,13545000.00,14190000.00,,,,,Cap space,19545000.00
88,Terrence Ross\rosste01,ORL,13500000.00,12500000.00,11500000.00,,,,Bird Rights,37500000.00
89,Marcus Smart\smartma01,BOS,13446428.00,14339285.00,,,,,Bird Rights,27785713.00
90,Patrick Beverley\beverpa01,LAC,13333333.00,14320988.00,,,,,Bird Rights,27654321.00
91,Malik Beasley\beaslma01,MIN,13325895.00,14391964.00,15458035.00,16524106.00,,,Bird,43175894.00
92,Patty Mills\millspa02,SAS,13285714.00,,,,,,Bird Rights,13285714.00
93,Christian Wood\woodch01,HOU,13015874.00,13666667.00,14317459.00,,,,Sign and Trade,41000000.00
94,J.J. Redick\redicjj01,DAL,13013700.00,,,,,,Cap Space,13013700.00
95,Justise Winslow\winslju01,MEM,13000000.00,13000000.00,,,,,1st Round Pick,13000000.00
96,Trevor Ariza\arizatr01,MIA,12800000.00,,,,,,Cap Space,1800000.00
97,Brook Lopez\lopezbr01,MIL,12697675.00,13302325.00,13906976.00,,,,Cap Space,39906976.00
98,Dion Waiters\waitedi01,MEM,12650000.00,,,,,,,12650000.00
99,Cory Joseph\josepco01,DET,12600000.00,12600000.00,,,,,Cap Space,12600000.00
100,Markelle Fultz\fultzma01,ORL,12288697.00,16500000.00,16500000.00,17000000.00,,,1st Round Pick,47288697.00
101,Kelly Olynyk\olynyke01,HOU,12198243.00,,,,,,Cap space,12198243.00
102,Tony Snell\snellto01,ATL,12178571.00,,,,,,Cap space,12178571.00
103,Robert Covington\covinro01,POR,12138345.00,12975471.00,,,,,Cap Space,25113816.00
104,Kentavious Caldwell-Pope\caldwke01,LAL,12073020.00,13038862.00,14004703.00,,,,Early Bird,30000000.00
105,Jusuf Nurkić\nurkiju01,POR,12000000.00,12000000.00,,,,,Bird Rights,16000000.00
106,T.J. Warren\warretj01,IND,11750000.00,12690000.00,,,,,1st Round Pick,24440000.00
107,Larry Nance Jr.\nancela02,CLE,11709091.00,10690909.00,9672727.00,,,,1st Round pick,32072727.00
108,Jordan Clarkson\clarkjo01,UTA,11500000.00,12420000.00,13340000.00,14260000.00,,,Bird,37260000.00
109,Spencer Dinwiddie\dinwisp01,BRK,11454048.00,12302496.00,,,,,Minimum Salary,11454048.00
110,Dillon Brooks\brookdi01,MEM,11400000.00,12200000.00,11400000.00,,,,MLE,35000000.00
111,Lonzo Ball\balllo01,NOP,11003782.00,,,,,,1st Round Pick,11003782.00
112,Norman Powell\powelno01,POR,10865952.00,11615328.00,,,,,Cap Space,10865952.00
113,Joe Ingles\inglejo01,UTA,10863637.00,14000000.00,,,,,Bird Rights,24863637.00
114,Josh Richardson\richajo01,DAL,10800000.00,11600000.00,,,,,Minimum Salary,10800000.00
115,Jeremy Lamb\lambje01,IND,10500000.00,10500000.00,,,,,Cap Space,21000000.00
116,DeAndre Jordan\jordade01,BRK,10375678.00,9881598.00,9821842.00,,,,Cap space,30079118.00
117,Zion Williamson\willizi01,NOP,10245480.00,10733400.00,13534817.00,,,,1st Round Pick,10245480.00
118,Dwight Powell\poweldw01,DAL,10185185.00,11000000.00,11814815.00,,,,Cap Space,33000000.00
119,Rodney Hood\hoodro01,TOR,10047450.00,10851246.00,,,,,Early Bird,10047450.00
120,Deandre Ayton\aytonde01,PHO,10018200.00,12632950.00,,,,,1st Round Pick,22651150.00
121,Tomáš Satoranský\satorto01,CHI,10000000.00,10000000.00,,,,,Sign and Trade,15000000.00
122,Paul Millsap\millspa01,DEN,10000000.00,,,,,,Bird,10000000.00
123,Jayson Tatum\tatumja01,BOS,9897120.00,28103550.00,30351834.00,32600118.00,34848402.00,37096686.00,1st Round Pick,135801024.00
124,Anthony Edwards\edwaran01,MIN,9757440.00,10245480.00,10733400.00,13534817.00,,,1st Round Pick,20002920.00
125,Al-Farouq Aminu\aminual01,CHI,9720900.00,10183800.00,,,,,MLE,19904700.00
126,Dante Exum\exumda01,HOU,9600000.00,,,,,,Cap Space,9100000.00
127,George Hill\hillge01,PHI,9590602.00,10047297.00,,,,,Cap Space,10866093.00
128,Kyle Anderson\anderky01,MEM,9505100.00,9937150.00,,,,,MLE,19442250.00
129,Meyers Leonard\leoname01,OKC,9400000.00,,,,,,,9400000.00
130,Derrick Jones Jr.\jonesde02,POR,9268293.00,9731707.00,,,,,MLE,19000000.00
131,Jae Crowder\crowdja01,PHO,9258000.00,9720900.00,10183800.00,,,,MLE,29162700.00
132,Derrick Favors\favorde01,UTA,9258000.00,9720900.00,10183800.00,,,,MLE,18978900.00
133,Montrezl Harrell\harremo01,LAL,9258000.00,9720900.00,,,,,MLE,18978900.00
134,Tristan Thompson\thomptr01,BOS,9258000.00,9720900.00,,,,,MLE,18978900.00
135,Serge Ibaka\ibakase01,LAC,9258000.00,9742000.00,,,,,MLE,9258000.00
136,Ja Morant\moranja01,MEM,9166800.00,9603360.00,12119440.00,,,,1st Round Pick,18770160.00
137,Nicolas Batum\batumni01,CHO,11608231.00,9043478.00,9043478.00,,,,,27130434.00
138,Delon Wright\wrighde01,SAC,9000000.00,8526316.00,,,,,Sign and Trade,17526316.00
139,Marvin Bagley III\baglema01,SAC,8963640.00,11312114.00,,,,,1st Round Pick,20275754.00
140,Cedi Osman\osmande01,CLE,8750000.00,8050000.00,7350000.00,6650000.00,,,MLE,24150000.00
141,James Wiseman\wisemja01,GSW,8730240.00,9166800.00,9603360.00,12119440.00,,,1st Round Pick,17897040.00
142,Dario Šarić\saricda01,PHO,8333333.00,9000000.00,9666667.00,,,,Bird,27000000.00
143,Thomas Bryant\bryanth01,WAS,8333333.00,8730159.00,,,,,Early Bird Rights,17063492.00
144,Maxi Kleber\klebima01,DAL,8250000.00,8750000.00,9000000.00,,,,Early Bird Rights,17000000.00
145,RJ Barrett\barrerj01,NYK,8231760.00,8623920.00,10900635.00,,,,1st Round Pick,16855680.00
146,Jakob Poeltl\poeltja01,SAS,8101852.00,8750000.00,9398148.00,,,,Bird,26250000.00
147,De'Aaron Fox\foxde01,SAC,8099627.00,28103550.00,30351834.00,32600118.00,34848402.00,37096686.00,1st Round Pick,171100217.00
148,Luka Dončić\doncilu01,DAL,8049360.00,10174391.00,,,,,1st Round Pick,18223751.00
149,Royce O'Neale\onealro01,UTA,8035714.00,8678571.00,9321429.00,9964286.00,,,Cap space,36000000.00
150,Mason Plumlee\plumlma01,DET,8000000.00,8137500.00,8525000.00,,,,Cap space,24662500.00
151,Lou Williams\willilo02,ATL,8000000.00,,,,,,Cap Space,8000000.00
152,P.J. Tucker\tuckepj01,MIL,7969537.00,,,,,,MLE,7969537.00
153,Tyus Jones\jonesty01,MEM,7965100.00,7522200.00,,,,,MLE,15487300.00
154,LaMelo Ball\ballla01,CHO,7839960.00,8231760.00,8623920.00,10900635.00,,,1st Round Pick,16071720.00
155,Seth Curry\curryse01,PHI,7813953.00,8186047.00,8558140.00,,,,MLE,24558140.00
156,De'Anthony Melton\meltode01,MEM,7812500.00,8437500.00,9062500.00,9687500.00,,,Early Bird,35000000.00
157,Derrick Rose\rosede01,NYK,7682927.00,,,,,,MLE,7682927.00
158,Cristiano Felício\feliccr01,CHI,7529020.00,,,,,,Cap space,7529020.00
159,Rajon Rondo\rondora01,LAC,7500000.00,7500000.00,,,,,Cap Space,15000000.00
160,De'Andre Hunter\huntede01,ATL,7422000.00,7775400.00,9835881.00,,,,1st Round Pick,15197400.00
161,Jonathan Isaac\isaacjo01,ORL,7362566.00,17400000.00,17400000.00,17400000.00,17400000.00,,1st Round Pick,76962566.00
162,Doug McDermott\mcderdo01,IND,7333333.00,,,,,,Cap Space,7333333.00
163,Robin Lopez\lopezro01,WAS,7300000.00,,,,,,MLE,7300000.00
164,Jaren Jackson Jr.\jacksja02,MEM,7257360.00,9180560.00,,,,,1st Round Pick,16437920.00
165,JaMychal Green\greenja01,DEN,7199760.00,7559748.00,,,,,MLE,14759508.00
166,Nemanja Bjelica\bjeline01,MIA,7150000.00,,,,,,,
167,Patrick Williams\willipa01,CHI,7068360.00,7422000.00,7775400.00,9835881.00,,,1st Round Pick,14490360.00
168,Ivica Zubac\zubaciv01,LAC,7000000.00,7518518.00,7518518.00,,,,Bird Rights,14518518.00
169,Darius Miller\milleda01,OKC,7000000.00,,,,,,,7000000.00
170,Aron Baynes\baynear01,TOR,6975610.00,7324390.00,,,,,MLE,6975610.00
171,Lauri Markkanen\markkla01,CHI,6731508.00,,,,,,1st Round Pick,6731508.00
172,Darius Garland\garlada01,CLE,6720720.00,7040880.00,8920795.00,,,,1st Round Pick,13761600.00
173,D.J. Augustin\augusdj01,HOU,6666667.00,7000000.00,7333333.00,,,,MLE,14000000.00
174,Trae Young\youngtr01,ATL,6571800.00,8326471.00,,,,,1st Round Pick,14898271.00
175,Jabari Parker\parkeja01,SAC,6916834.00,2283034.00,,,,,,6500000.00
176,Juan Hernangómez\hernaju01,MIN,6493000.00,7012440.00,7531880.00,,,,Bird,13505440.00
177,Chris Boucher\bouchch01,TOR,6490385.00,7009615.00,,,,,Early Bird,13500000.00
178,Joakim Noah\noahjo01,NYK,6431666.00,6431666.00,,,,,,12863332.00
179,Isaac Okoro\okorois01,CLE,6400920.00,6720720.00,7040880.00,8920795.00,,,1st Round Pick,13121640.00
180,Frank Ntilikina\ntilila01,NYK,6176578.00,,,,,,1st Round Pick,6176578.00
181,DeMarre Carroll\carrode01,SAS,6167887.00,1252127.00,,,,,,7420014.00
182,Ish Smith\smithis01,WAS,6146341.00,,,,,,MLE,6146341.00
183,Jarrett Culver\culveja01,MIN,6104280.00,6395160.00,8109063.00,,,,1st Round Pick,12499440.00
184,Alec Burks\burksal01,NYK,6000000.00,,,,,,Cap Space,6000000.00
185,Mo Bamba\bambamo01,ORL,5969040.00,7568742.00,,,,,1st Round Pick,13537782.00
186,Onyeka Okongwu\okongon01,ATL,5813640.00,6104280.00,6395160.00,8109063.00,,,1st Round Pick,11917920.00
187,Justin Holiday\holidju01,IND,5720400.00,6006420.00,6292440.00,,,,Non Bird,18019260.00
188,Dennis Smith Jr.\smithde03,DET,5686677.00,,,,,,1st Round Pick,5686677.00
189,Avery Bradley\bradlav01,HOU,5635000.00,5916750.00,,,,,MLE,5635000.00
190,Timofey Mozgov\mozgoti01,ORL,5573333.00,5573334.00,,,,,,11146667.00
191,Coby White\whiteco01,CHI,5572680.00,5837760.00,7413955.00,,,,1st Round Pick,5572680.00
192,Trey Lyles\lylestr01,SAS,5500000.00,,,,,,,
193,Wendell Carter Jr.\cartewe01,ORL,5448840.00,6920027.00,,,,,1st Round Pick,5448840.00
194,Zach Collins\colliza01,POR,5406255.00,,,,,,1st Round Pick,5406255.00
195,Malik Monk\monkma01,CHO,5345687.00,,,,,,1st Round Pick,5345687.00
196,Killian Hayes\hayeski01,DET,5307120.00,5572680.00,5837760.00,7413955.00,,,1st Round Pick,10879800.00
197,Luke Kennard\kennalu01,LAC,5273826.00,12727273.00,13745455.00,14763636.00,14763636.00,,1st Round Pick,46510190.00
198,Ryan Anderson\anderry01,MIA,5214583.00,5214584.00,,,,,,10429167.00
199,Donovan Mitchell\mitchdo01,UTA,5195501.00,28103550.00,30351834.00,32600118.00,34848402.00,37096686.00,1st Round Pick,131099405.00
200,Bam Adebayo\adebaba01,MIA,5115492.00,28103550.00,30351834.00,32600118.00,34848402.00,37096686.00,1st Round Pick,168116082.00
201,Jaxson Hayes\hayesja02,NOP,5105160.00,5348280.00,6803012.00,,,,1st Round Pick,5105160.00
202,Justin Jackson\jacksju01,OKC,5029650.00,,,,,,,5029650.00
203,Richaun Holmes\holmeri01,SAC,5005350.00,,,,,,Room Exception,5005350.00
204,Enes Kanter\kanteen01,POR,5005350.00,,,,,,Room Exception,5005350.00
205,Mike Scott\scottmi01,PHI,5005350.00,,,,,,Room Exception,5005350.00
206,Ed Davis\davised01,MIN,5005350.00,,,,,,Room Exception,5005350.00
207,Rodney McGruder\mcgruro01,DET,5000000.00,5370370.00,,,,,Cap Space,10370370.00
208,Nerlens Noel\noelne01,NYK,5000000.00,,,,,,Cap Space,5000000.00
209,Daniel Theis\theisda01,CHI,5000000.00,,,,,,,
210,Collin Sexton\sextoco01,CLE,4991880.00,6349671.00,,,,,1st Round Pick,11341551.00
211,Luol Deng\denglu01,LAL,4990000.00,4990000.00,,,,,,9980000.00
212,Pat Connaughton\connapa01,MIL,4938272.00,5333333.00,5728395.00,,,,Early Bird,10271605.00
213,Obi Toppin\toppiob01,NYK,4862040.00,5105160.00,5348280.00,6803012.00,,,1st Round Pick,9967200.00
214,Kevon Looney\looneke01,GSW,4821429.00,5178572.00,,,,,Bird Rights,4821429.00
215,Josh Jackson\jacksjo02,DET,4767000.00,5005350.00,,,,,Room Exception,9772350.00
216,Garrett Temple\templga01,CHI,4767000.00,,,,,,MLE,4767000.00
217,Kris Dunn\dunnkr01,ATL,4767000.00,5005350.00,,,,,Room Exception,4767000.00
218,Elfrid Payton\paytoel01,NYK,5760000.00,,,,,,Cap Space,5760000.00
219,Rui Hachimura\hachiru01,WAS,4692840.00,4916160.00,6263188.00,,,,1st Round Pick,9609000.00
220,Denzel Valentine\valende01,CHI,4642800.00,,,,,,,4642800.00
221,Kevin Knox\knoxke01,NYK,4588680.00,5845978.00,,,,,1st Round Pick,10434658.00
222,D.J. Wilson\wilsodj01,HOU,4548280.00,,,,,,1st Round Pick,4548280.00
223,Deni Avdija\avdijde01,WAS,4469160.00,4692840.00,4916160.00,6263188.00,,,1st Round Pick,9162000.00
224,Cam Reddish\reddica01,ATL,4458000.00,4670160.00,5954454.00,,,,1st Round Pick,9128160.00
225,Mikal Bridges\bridgmi01,PHO,4359000.00,5557725.00,,,,,1st Round Pick,9916725.00
226,T.J. Leaf\leaftj01,OKC,4326825.00,,,,,,,4326825.00
227,Jalen Smith\smithja04,PHO,4245720.00,4458000.00,4670160.00,5954454.00,,,1st Round Pick,8703720.00
228,Cameron Johnson\johnsca02,PHO,4235160.00,4437000.00,5887899.00,,,,1st Round Pick,8672160.00
229,JaVale McGee\mcgeeja01,DEN,4200000.00,,,,,,Cap Space,4200000.00
230,Reggie Bullock\bullore01,NYK,4200000.00,,,,,,Room Exception,1000000.00
231,Shai Gilgeous-Alexander\gilgesh01,OKC,4141320.00,5495532.00,,,,,1st Round Pick,9636852.00
232,John Collins\collijo01,ATL,4137302.00,,,,,,1st Round Pick,4137302.00
233,Nicolò Melli\mellini01,DAL,4097561.00,,,,,,Room Exception,4097561.00
234,Devin Vassell\vassede01,SAS,4033440.00,4235160.00,4437000.00,5887899.00,,,1st Round Pick,8268600.00
235,P.J. Washington\washipj01,CHO,4023600.00,4215120.00,5808435.00,,,,1st Round Pick,8238720.00
236,Willie Cauley-Stein\caulewi01,DAL,4000000.00,4200000.00,,,,,MLE,8200000.00
237,Dorian Finney-Smith\finnedo01,DAL,4000000.00,4000000.00,,,,,Bird Rights,8000000.00
238,Patrick McCaw\mccawpa01,TOR,4000000.00,,,,,,,4000000.00
239,Terrance Ferguson\fergute01,NYK,3944013.00,,,,,,,3944013.00
240,Miles Bridges\bridgmi02,CHO,3934320.00,5421493.00,,,,,1st Round Pick,9355813.00
241,Jarrett Allen\allenja01,CLE,3909902.00,,,,,,1st Round Pick,3909902.00
242,OG Anunoby\anunoog01,TOR,3872215.00,16071429.00,17357143.00,18642857.00,19928571.00,,1st Round Pick,75872215.00
243,Gabriel Deck\deckga01,OKC,3870000.00,3670000.00,3480000.00,3480000.00,,,Cap Space,3870000.00
244,Tyrese Haliburton\halibty01,SAC,3831840.00,4023600.00,4215120.00,5808435.00,,,1st Round Pick,7855440.00
245,Tyler Herro\herroty01,MIA,3822240.00,4004280.00,5722116.00,,,,1st Round Pick,7826520.00
246,Stanley Johnson\johnsst04,TOR,3801000.00,,,,,,Bi-annual Exception,3801000.00
247,Jake Layman\laymaja01,MIN,3761085.00,3940184.00,,,,,Sign and Trade,7701269.00
248,Jerome Robinson\robinje01,WAS,3737520.00,,,,,,,3737520.00
249,Danuel House\houseda01,HOU,3717000.00,3894000.00,,,,,MLE,7611000.00
250,Kira Lewis Jr.\lewiski01,NOP,3640200.00,3822240.00,4004280.00,5722116.00,,,1st Round Pick,7462440.00
251,Romeo Langford\langfro01,BOS,3631200.00,3804360.00,5634257.00,,,,1st Round Pick,7435560.00
252,Facundo Campazzo\campafa01,DEN,3623000.00,3804150.00,,,,,Bi-Annual Exception,7427150.00
253,Maurice Harkless\harklma01,SAC,3623000.00,,,,,,MLE,3623000.00
254,Bobby Portis\portibo01,MIL,3623000.00,3804150.00,,,,,Bi-Annual Exception,3623000.00
255,Wesley Matthews\matthwe02,LAL,3623000.00,,,,,,Bi-Annual Exception,3623000.00
256,Kyle Kuzma\kuzmaky01,LAL,3562178.00,13000000.00,13000000.00,13000000.00,,,1st Round Pick,29562178.00
257,Michael Porter Jr.\portemi01,DEN,3550800.00,5258735.00,,,,,1st Round Pick,8809535.00
258,Jevon Carter\carteje01,PHO,3549383.00,3833333.00,4117284.00,,,,Early Bird,11500000.00
259,Tony Bradley\bradlto01,OKC,3542060.00,,,,,,1st Round Pick,3542060.00
260,Derrick White\whitede01,SAS,3516284.00,15178571.00,16392857.00,17607143.00,18821429.00,,1st Round Pick,71516284.00
261,Mirza Teletović\teletmi01,MIL,3500000.00,,,,,,,3500000.00
262,Boban Marjanović\marjabo01,DAL,3500000.00,,,,,,Bi-Annual Exception,3500000.00
263,T.J. McConnell\mccontj01,IND,3500000.00,,,,,,Cap Space,1000000.00
264,Josh Hart\hartjo01,NOP,3491159.00,,,,,,1st Round Pick,3491159.00
265,Aaron Nesmith\nesmiaa01,BOS,3458400.00,3631200.00,3804360.00,5634257.00,,,1st Round Pick,7089600.00
266,Sekou Doumbouya\doumbse01,DET,3449400.00,3613680.00,5539771.00,,,,1st Round Pick,7063080.00
267,Troy Brown Jr.\browntr01,CHI,3372840.00,5170564.00,,,,,1st Round Pick,8543404.00
268,James Ennis\ennisja01,ORL,3300000.00,,,,,,MLE,3300000.00
269,Cole Anthony\anthoco01,ORL,3285120.00,3449400.00,3613680.00,5539771.00,,,1st Round Pick,6734520.00
270,Zhaire Smith\smithzh01,DET,3204600.00,,,,,,,3204600.00
271,Trey Burke\burketr01,DAL,3174603.00,3333333.00,3492063.00,,,,MLE,6507936.00
272,Austin Rivers\riverau01,OKC,3174603.00,,,,,,,3174603.00
273,Jon Leuer\leuerjo01,MIL,3169348.00,3169347.00,,,,,,6338695.00
274,Chuma Okeke\okekech01,ORL,3121080.00,3277080.00,3433320.00,5266713.00,,,1st Round Pick,6398160.00
275,Isaiah Stewart\stewais01,DET,3121080.00,3277080.00,3433320.00,5266713.00,,,1st Round Pick,6398160.00
276,Nickeil Alexander-Walker\alexani01,NOP,3113160.00,3261480.00,5009633.00,,,,1st Round Pick,3113160.00
277,Patrick Patterson\pattepa01,LAC,3814768.00,737066.00,,,,,Non Bird,3077701.00
278,Donte DiVincenzo\divindo01,MIL,3044160.00,4675830.00,,,,,1st Round Pick,7719990.00
279,Michael Carter-Williams\cartemi01,ORL,3000000.00,3000000.00,,,,,Early Bird,6000000.00
280,Khem Birch\birchkh01,ORL,3425463.00,,,,,,,3000000.00
281,Ryan Arcidiacono\arcidry01,CHI,3000000.00,3000000.00,,,,,Cap space,3000000.00
282,Aleksej Pokusevski\pokusal01,OKC,2964840.00,3113160.00,3261480.00,5009633.00,,,1st Round Pick,6078000.00
283,Goga Bitadze\bitadgo01,IND,2957520.00,3098400.00,4765339.00,,,,1st Round Pick,6055920.00
284,Lonnie Walker\walkelo01,SAS,2892000.00,4447896.00,,,,,1st Round Pick,7339896.00
285,Dewayne Dedmon\dedmode01,DET,3447478.00,2866667.00,2866667.00,2866667.00,2866667.00,,,14333335.00
286,Andrew Nicholson\nichoan01,POR,2844429.00,2844429.00,2844429.00,2844429.00,,,,11377716.00
287,Luka Šamanić\samanlu01,SAS,2824320.00,2959080.00,4556983.00,,,,1st Round Pick,5783400.00
288,Josh Green\greenjo02,DAL,2816760.00,2957520.00,3098400.00,4765339.00,,,1st Round Pick,5774280.00
289,Kevin Huerter\huertke01,ATL,2761920.00,4253357.00,,,,,1st Round Pick,7015277.00
290,Marko Guduric\gudurma01,MEM,2750000.00,,,,,,,2750000.00
291,Alex Caruso\carusal01,LAL,2750000.00,,,,,,Room Exception,2750000.00
292,Matisse Thybulle\thybuma01,PHI,2711280.00,2840160.00,4379527.00,,,,1st Round Pick,5551440.00
293,Saddiq Bey\beysa01,DET,2689920.00,2824320.00,2959080.00,4556983.00,,,1st Round Pick,5514240.00
294,Josh Okogie\okogijo01,MIN,2651040.00,4087904.00,,,,,1st Round Pick,6738944.00
295,Vincent Poirier\poirivi01,NYK,2619207.00,,,,,,,2619207.00
296,Brandon Clarke\clarkbr01,MEM,2602920.00,2726880.00,4343920.00,,,,1st Round Pick,5329800.00
297,Precious Achiuwa\achiupr01,MIA,2582160.00,2711280.00,2840160.00,4379527.00,,,1st Round Pick,5293440.00
298,Marc Gasol\gasolma01,LAL,2564753.00,2692991.00,,,,,Minimum Salary,5257744.00
299,Carmelo Anthony\anthoca01,POR,2564753.00,,,,,,Minimum Salary,2564753.00
300,Dwight Howard\howardw01,PHI,2564753.00,,,,,,Minimum Salary,2564753.00
301,Jeff Teague\teaguje01,ORL,3372826.00,,,,,,,2564753.00
302,Udonis Haslem\hasleud01,MIA,2564753.00,,,,,,Minimum Salary,2564753.00
303,Jared Dudley\dudleja01,LAL,2564753.00,,,,,,Minimum Salary,2564753.00
304,Nicolas Batum\batumni01,LAC,11608231.00,9043478.00,9043478.00,,,,Minimum Salary,2564753.00
305,Wayne Ellington\ellinwa01,DET,3005225.00,,,,,,Minimum Salary,2564753.00
306,J.J. Barea\bareajo01,DAL,2564753.00,,,,,,,2564753.00
307,Jeff Green\greenje02,BRK,2564753.00,,,,,,Minimum Salary,2564753.00
308,Grayson Allen\allengr01,MEM,2545320.00,4054695.00,,,,,1st Round Pick,6600015.00
309,Grant Williams\willigr01,BOS,2498760.00,2617800.00,4306281.00,,,,1st Round Pick,5116560.00
310,Tyrese Maxey\maxeyty01,PHI,2478840.00,2602920.00,2726880.00,4343920.00,,,1st Round Pick,5081760.00
311,Chandler Hutchison\hutchch01,WAS,2443440.00,4019459.00,,,,,1st Round Pick,2443440.00
312,Darius Bazley\bazleda01,OKC,2399160.00,2513040.00,4264629.00,,,,1st Round Pick,4912200.00
313,Zeke Nnaji\nnajize01,DEN,2379840.00,2498760.00,2617800.00,4306281.00,,,1st Round Pick,4878600.00
314,Aaron Holiday\holidaa01,IND,2345640.00,3980551.00,,,,,1st Round Pick,6326191.00
315,Bryn Forbes\forbebr01,MIL,2337145.00,2454002.00,,,,,MLE,2337145.00
316,E'Twaun Moore\mooreet01,PHO,2331593.00,,,,,,Minimum Salary,2331593.00
317,Markieff Morris\morrima02,LAL,2331593.00,,,,,,Minimum Salary,2331593.00
318,Reggie Jackson\jacksre01,LAC,2331593.00,,,,,,Minimum Salary,2331593.00
319,DeMarcus Cousins\couside01,HOU,2666959.00,,,,,,,2331593.00
320,Bismack Biyombo\biyombi01,CHO,2331593.00,,,,,,Minimum Salary,2331593.00
321,Hassan Whiteside\whiteha01,SAC,2320044.00,,,,,,Minimum Salary,2320044.00
322,Kent Bazemore\bazemke01,GSW,2320044.00,,,,,,Minimum Salary,2320044.00
323,Alex Len\lenal01,TOR,4032648.00,,,,,,,2320000.00
324,Luke Kornet\kornelu01,BOS,2304878.00,,,,,,Room Exception,2304878.00
325,Ty Jerome\jeromty01,OKC,2303040.00,2412840.00,4220057.00,,,,1st Round Pick,4715880.00
326,Taj Gibson\gibsota01,NYK,3283684.00,,,,,,Minimum Salary,1000000.00
327,Mike Muscala\muscami01,OKC,2283034.00,,,,,,Minimum Salary,2283034.00
328,Ben McLemore\mclembe01,HOU,2852708.00,,,,,,,2283034.00
329,Anfernee Simons\simonan01,POR,2252040.00,3938818.00,,,,,1st Round Pick,6190858.00
330,Brad Wanamaker\wanambr01,CHO,2250000.00,,,,,,Mini MLE,2250000.00
331,Monta Ellis\ellismo01,IND,2245400.00,2245400.00,,,,,,4490800.00
332,Nassir Little\littlna01,POR,2210640.00,2316240.00,4171548.00,,,,1st Round Pick,4526880.00
333,R.J. Hampton\hamptrj01,ORL,2193480.00,2303040.00,2412840.00,4220057.00,,,1st Round Pick,4496520.00
334,Matthew Dellavedova\dellama01,CLE,2174318.00,,,,,,Minimum Salary,2174318.00
335,Solomon Hill\hillso01,ATL,2174318.00,,,,,,Cap Space,2174318.00
336,Moritz Wagner\wagnemo01,BOS,2383915.00,,,,,,,2161920.00
337,Edmond Sumner\sumneed01,IND,2160000.00,2320000.00,,,,,Cap Space,2160000.00
338,Dylan Windler\windldy01,CLE,2137440.00,2239200.00,4037278.00,,,,1st Round Pick,4376640.00
339,Immanuel Quickley\quickim01,NYK,2105520.00,2210640.00,2316240.00,4171548.00,,,1st Round Pick,4316160.00
340,John Konchar\konchjo01,MEM,2093023.00,2197674.00,2302326.00,2406977.00,,,MLE,9000000.00
341,Landry Shamet\shamela01,BRK,2090040.00,3768342.00,,,,,1st Round Pick,5858382.00
342,Mfiondu Kabengele\kabenmf01,SAC,2075880.00,,,,,,,2075880.00
343,Jordan Poole\poolejo01,GSW,2063280.00,2161440.00,3901399.00,,,,1st Round Pick,4224720.00
344,Bol Bol\bolbo01,DEN,2058240.00,2161152.00,,,,,MLE,4219392.00
345,Keldon Johnson\johnske04,SAS,2048040.00,2145720.00,3873025.00,,,,1st Round Pick,4193760.00
346,Payton Pritchard\pritcpa01,BOS,2035800.00,2137440.00,2239200.00,4037278.00,,,1st Round Pick,4173240.00
347,Kevin Porter Jr.\porteke02,HOU,2033160.00,2130240.00,3845083.00,,,,1st Round Pick,4163400.00
348,Robert Williams\williro04,BOS,2029920.00,3661976.00,,,,,1st Round Pick,5691896.00
349,Langston Galloway\gallola01,PHO,2028594.00,,,,,,Minimum Salary,2028594.00
350,Tyler Johnson\johnsty01,BRK,2028594.00,,,,,,Minimum Salary,2028594.00
351,Jacob Evans\evansja02,NYK,2017320.00,,,,,,,2017320.00
352,Gary Clark\clarkga01,DEN,2000000.00,2100000.00,,,,,,4100000.00
353,Théo Maledon\maledth01,OKC,2000000.00,2000000.00,1900000.00,1930681.00,,,MLE,4000000.00
354,Kenrich Williams\willike04,OKC,2000000.00,2000000.00,2000000.00,,,,Sign and Trade,2000000.00
355,Damyean Dotson\dotsoda01,CLE,2000000.00,2000000.00,,,,,MLE,2000000.00
356,Omari Spellman\spellom01,NYK,1988280.00,,,,,,,1988280.00
357,Cameron Payne\payneca01,PHO,1977011.00,,,,,,Minimum Salary,1977011.00
358,Udoka Azubuike\azubuud01,UTA,1977000.00,2075880.00,2174880.00,3923484.00,,,1st Round Pick,4052880.00
359,Jaden McDaniels\mcdanja02,MIN,1964760.00,2063280.00,2161440.00,3901399.00,,,1st Round Pick,4028040.00
360,Malachi Flynn\flynnma01,TOR,1950600.00,2048040.00,2145720.00,3873025.00,,,1st Round Pick,3998640.00
361,Desmond Bane\banede01,MEM,1936440.00,2033160.00,2130240.00,3845083.00,,,1st Round Pick,3969600.00
362,Anderson Varejão\varejan01,POR,1913345.00,,,,,,,1913345.00
363,Jontay Porter\portejo01,MEM,1904762.00,2000000.00,2095238.00,,,,MLE,6000000.00
364,Jahlil Okafor\okafoja01,DET,1882867.00,2130023.00,,,,,Minimum Salary,4012890.00
365,Raul Neto\netora01,WAS,1882867.00,,,,,,Minimum Salary,1882867.00
366,JaKarr Sampson\sampsja02,IND,1882867.00,,,,,,Minimum Salary,1882867.00
367,Jerian Grant\grantje02,HOU,1882867.00,,,,,,,1882867.00
368,Frank Kaminsky\kaminfr01,PHO,1882867.00,,,,,,,
369,Larry Sanders\sandela01,MIL,1865547.00,1865547.00,,,,,,3731094.00
370,David Nwaba\nwabada01,HOU,1862250.00,,,,,,MLE,1862250.00
371,Marquese Chriss\chrisma01,SAS,1824003.00,,,,,,,1824003.00
372,Timothé Luwawu-Cabarrot\luwawti01,BRK,1824003.00,,,,,,,
373,Georges Niang\niangge01,UTA,1783557.00,,,,,,,
374,Rodions Kurucs\kurucro01,MIL,1780152.00,1861068.00,,,,,Cap space,1780152.00
375,Damion Lee\leeda03,GSW,1762796.00,1910860.00,,,,,MLE,600000.00
376,Furkan Korkmaz\korkmfu01,PHI,1762796.00,,,,,,,
377,Alfonzo McKinnie\mckinal01,LAL,1762796.00,1910860.00,2165298.00,,,,,
378,Abdel Nader\naderab01,PHO,1752950.00,,,,,,Cap Space,1752950.00
379,Semi Ojeleye\ojelese01,BOS,1752950.00,,,,,,Cap space,1752950.00
380,DeAndre' Bembry\bembrde01,TOR,1737145.00,1977011.00,,,,,Minimum Salary,1737145.00
381,Willy Hernangómez\hernawi01,NOP,1727145.00,,,,,,Minimum Salary,700000.00
382,Alex Len\lenal01,WAS,4032648.00,,,,,,,
383,Shake Milton\miltosh01,PHI,1701593.00,1846738.00,1997718.00,,,,Cap Space,3548331.00
384,Thanasis Antetokounmpo\antetth01,MIL,1701593.00,,,,,,Minimum Salary,1701593.00
385,Brandon Goodwin\goodwbr01,ATL,1701593.00,,,,,,,
386,Wesley Iwundu\iwundwe01,NOP,1678854.00,1824003.00,,,,,Minimum Salary,3502857.00
387,Harry Giles\gilesha01,POR,1678854.00,,,,,,Minimum Salary,1678854.00
388,Torrey Craig\craigto01,PHO,1678854.00,,,,,,Minimum Salary,1678854.00
389,Dwayne Bacon\bacondw01,ORL,1678854.00,1824003.00,,,,,Minimum Salary,1678854.00
390,Sterling Brown\brownst02,HOU,1678854.00,,,,,,Minimum Salary,1678854.00
391,Monte Morris\morrimo01,DEN,1663861.00,8333333.00,9000000.00,9666667.00,,,Minimum Salary,27000000.00
392,Gary Trent Jr.\trentga02,TOR,1663861.00,,,,,,MLE,1663861.00
393,Sviatoslav Mykhailiuk\mykhasv01,OKC,1663861.00,,,,,,Cap Space,1663861.00
394,Mitchell Robinson\robinmi01,NYK,1663861.00,1802057.00,,,,,MLE,1663861.00
395,Kendrick Nunn\nunnke01,MIA,1663861.00,,,,,,Minimum Salary,1663861.00
396,Duncan Robinson\robindu01,MIA,1663861.00,,,,,,MLE,1663861.00
397,Hamidou Diallo\diallha01,DET,1663861.00,,,,,,MLE,1663861.00
398,Jalen Brunson\brunsja01,DAL,1663861.00,1802057.00,,,,,Cap Space,1663861.00
399,Isaac Bonga\bongais01,WAS,1663861.00,,,,,,,
400,Jarred Vanderbilt\vandeja01,MIN,1663861.00,,,,,,,
401,Devonte' Graham\grahade01,CHO,1663861.00,,,,,,,
402,Bruce Brown\brownbr01,BRK,1663861.00,,,,,,,
403,Drew Eubanks\eubandr01,SAS,1620564.00,1762796.00,1910860.00,,,,Minimum Salary,2120564.00
404,Josh Gray\grayjo01,OKC,1620564.00,,,,,,,1620564.00
405,Wenyen Gabriel\gabriwe01,NOP,1620564.00,1762796.00,,,,,Minimum Salary,1620564.00
406,Terance Mann\mannte01,LAC,1517984.00,1782621.00,1930681.00,,,,Minimum Salary,1517984.00
407,KZ Okpala\okpalkz01,MIA,1517981.00,1782621.00,,,,,MLE,3300602.00
408,Eric Paschall\pascher01,GSW,1517981.00,1782621.00,,,,,MLE,3300602.00
409,Cody Martin\martico01,CHO,1517981.00,1782621.00,,,,,MLE,3300602.00
410,Nicolas Claxton\claxtni01,BRK,1517981.00,1782621.00,,,,,Minimum Salary,3300602.00
411,Carsen Edwards\edwarca01,BOS,1517981.00,1782621.00,1930681.00,,,,Cap space,3300602.00
412,Bruno Fernando\fernabr01,ATL,1517981.00,1782621.00,,,,,Cap space,3300602.00
413,Luguentz Dort\dortlu01,OKC,1517981.00,1782621.00,1930681.00,,,,Minimum Salary,2142981.00
414,Admiral Schofield\schofad01,OKC,1517981.00,300000.00,,,,,,1817981.00
415,Daniel Gafford\gaffoda01,WAS,1517981.00,1782621.00,1930681.00,,,,Minimum Salary,1517981.00
416,Chris Silva\silvach01,SAC,1517981.00,1782621.00,,,,,MLE,1517981.00
417,Justin James\jamesju01,SAC,1517981.00,1782621.00,,,,,Minimum Salary,1517981.00
418,Ignas Brazdeikis\brazdig01,PHI,1517981.00,,,,,,,1517981.00
419,Isaiah Roby\robyis01,OKC,1517981.00,1782621.00,1930681.00,,,,MLE,1517981.00
420,Talen Horton-Tucker\hortota01,LAL,1517981.00,,,,,,Minimum Salary,1517981.00
421,Jalen Lecque\lecquja01,IND,1517981.00,,,,,,,1517981.00
422,Chris Clemons\clemoch01,HOU,1517981.00,,,,,,,1517981.00
423,Alen Smailagić\smailal01,GSW,1517981.00,1782621.00,1930681.00,,,,MLE,1517581.00
424,Matt Thomas\thomama02,UTA,1517981.00,1782621.00,,,,,MLE,725000.00
425,Miye Oni\onimi01,UTA,1517981.00,1782621.00,,,,,,
426,Terence Davis\daviste02,SAC,1517981.00,,,,,,,
427,Naz Reid\reidna01,MIN,1517981.00,1782621.00,1930681.00,,,,,
428,Jaylen Nowell\nowelja01,MIN,1517981.00,1782621.00,1930681.00,,,,,
429,Mychal Mulder\muldemy01,GSW,1517981.00,1782621.00,,,,,,
430,Dean Wade\wadede01,CLE,1517981.00,1782621.00,1930681.00,,,,,
431,Jalen McDaniels\mcdanja01,CHO,1517981.00,1782621.00,1930681.00,,,,,
432,Caleb Martin\martica02,CHO,1517981.00,1782621.00,,,,,,
433,Javonte Green\greenja02,CHI,1517981.00,,,,,,,
434,Robert Woodard\woodaro01,SAC,1500000.00,1517981.00,1782621.00,1930681.00,,,MLE,3317981.00
435,J.R. Smith\smithjr01,CLE,1456667.00,1456666.00,,,,,,2913333.00
436,Jae'Sean Tate\tateja01,HOU,1445967.00,1517981.00,1782621.00,,,,MLE,50000.00
437,Zylan Cheatham\cheatzy01,OKC,1445697.00,,,,,,,1445697.00
438,DaQuan Jeffries\jeffrda01,HOU,1445697.00,1701593.00,,,,,Minimum Salary,1445697.00
439,Isaiah Hartenstein\harteis01,CLE,1445697.00,1701593.00,,,,,Minimum Salary,1445697.00
440,Zach Norvell\norveza01,CHI,1445697.00,,,,,,,1445697.00
441,Kelan Martin\martike03,IND,1445697.00,1701593.00,,,,,Minimum Salary,722848.00
442,Paul Watson\watsopa01,TOR,1445697.00,1701593.00,,,,,Minimum Salary,350000.00
443,Vernon Carey Jr.\careyve01,CHO,1350000.00,1517981.00,1782621.00,1930681.00,,,Cap Space,4650602.00
444,Xavier Tillman Sr.\tillmxa01,MEM,1300000.00,1517981.00,1782621.00,1930681.00,,,MLE,4600602.00
445,Tyrell Terry\terryty01,DAL,1289846.00,1517981.00,1782621.00,1930681.00,,,MLE,4590448.00
446,Blake Griffin\griffbl01,BRK,33685241.00,29764126.00,,,,,Minimum Salary,1229676.00
447,Ersan İlyasova\ilyaser01,UTA,1194542.00,,,,,,Minimum Salary,1194542.00
448,Guerschon Yabusele\yabusgu01,BOS,1039080.00,1039080.00,,,,,,2078160.00
449,Elfrid Payton\paytoel01,NYK,5760000.00,,,,,,,5760000.00
450,Jahmi'us Ramsey\ramseja01,SAC,1000000.00,1517981.00,1782621.00,,,,MLE,2517981.00
451,Quinn Cook\cookqu01,LAL,1797183.00,,,,,,,1797183.00
452,Gorgui Dieng\dienggo01,SAS,17587688.00,,,,,,MLE,1000000.00
453,Taj Gibson\gibsota01,NYK,3283684.00,,,,,,,1000000.00
454,Nick Richards\richani01,CHO,1000000.00,,,,,,Cap Space,1000000.00
455,Kyle Singler\singlky01,OKC,999200.00,999200.00,999200.00,,,,,2997600.00
456,Glenn Robinson III\robingl02,SAC,930930.00,,,,,,,930930.00
457,Deividas Sirvydis\sirvyde01,DET,898310.00,1517981.00,1782621.00,,,,Cap Space,4198912.00
458,Elijah Hughes\hugheel01,UTA,898310.00,1517981.00,,,,,Minimum Salary,2416291.00
459,Tre Jones\jonestr01,SAS,898310.00,1517981.00,1782621.00,,,,MLE,2416291.00
460,CJ Elleby\ellebcj01,POR,898310.00,1517981.00,,,,,Minimum Salary,2416291.00
461,Isaiah Joe\joeis01,PHI,898310.00,1517981.00,1782621.00,,,,MLE,2416291.00
462,Jordan Nwora\nworajo01,MIL,898310.00,1517981.00,,,,,Minimum Salary,2416291.00
463,Daniel Oturu\oturuda01,LAC,898310.00,1517981.00,,,,,Minimum Salary,2416291.00
464,Sam Merrill\merrisa01,MIL,898310.00,1517981.00,,,,,Minimum Salary,1398310.00
465,Anthony Gill\gillan01,WAS,898310.00,1517981.00,,,,,Minimum Salary,898310.00
466,Kenyon Martin Jr.\martike04,HOU,898310.00,1517981.00,1782621.00,1930681.00,,,MLE,898310.00
467,Vlatko Čančar\cancavl01,DEN,898310.00,1782621.00,,,,,MLE,898310.00
468,LaMarcus Aldridge\aldrila01,BRK,19078340.00,,,,,,,878340.00
469,Jeff Teague\teaguje01,MIL,3372826.00,,,,,,,808073.00
470,Quinn Cook\cookqu01,LAL,1797183.00,,,,,,,1797183.00
471,Andre Drummond\drumman01,LAL,29546311.00,,,,,,Minimum Salary,794536.00
472,Damian Jones\jonesda03,PHO,785285.00,,,,,,,785285.00
473,Shaquille Harrison\harrish01,UTA,770433.00,,,,,,,770433.00
474,Sindarius Thornwell\thornsi01,NOP,747435.00,,,,,,,747435.00
475,Khyri Thomas\thomakh01,ATL,744684.00,,,,,,,744684.00
476,Patrick Patterson\pattepa01,OKC,3814768.00,737066.00,,,,,,1474133.00
477,Cole Aldrich\aldrico01,MIN,685340.00,,,,,,,685340.00
478,Shaun Livingston\livinsh01,GSW,666667.00,1333332.00,,,,,,1999999.00
479,Dewayne Dedmon\dedmode01,MIA,3447478.00,2866667.00,2866667.00,2866667.00,2866667.00,,Minimum Salary,580811.00
480,Ben McLemore\mclembe01,LAL,2852708.00,,,,,,Minimum Salary,569674.00
481,Mamadi Diakite\diakima01,MIL,529341.00,1517981.00,1782621.00,,,,,529341.00
482,Norvel Pelle\pelleno01,NYK,717845.00,1701593.00,1846738.00,,,,Cap Space,500000.00
483,Moses Brown\brownmo01,OKC,495102.00,1701593.00,1846738.00,1997718.00,,,MLE,495102.00
484,Dakari Johnson\johnsda04,MEM,459414.00,,,,,,,459414.00
485,Iman Shumpert\shumpim01,BRK,447155.00,,,,,,,447155.00
486,Wayne Ellington\ellinwa01,NYK,3005225.00,,,,,,,440472.00
487,Khem Birch\birchkh01,TOR,3425463.00,,,,,,Minimum Salary,425463.00
488,Jabari Parker\parkeja01,BOS,6916834.00,2283034.00,,,,,Minimum Salary,416834.00
489,Alize Johnson\johnsal02,BRK,399591.00,1762796.00,1910860.00,,,,Mini MLE,399591.00
490,Bruno Caboclo\cabocbr01,HOU,361256.00,,,,,,,361256.00
491,A.J. Hammons\hammoaj01,MIA,350087.00,,,,,,,350087.00
492,Anžejs Pasečņiks\pasecan01,WAS,350000.00,,,,,,,350000.00
493,Rayjon Tucker\tuckera01,CLE,340000.00,,,,,,,340000.00
494,DeMarcus Cousins\couside01,LAC,2666959.00,,,,,,Minimum Salary,335366.00
495,Yuta Watanabe\watanyu01,TOR,321893.00,1762769.00,,,,,Minimum Salary,321893.00
496,Thon Maker\makerth01,CLE,309355.00,,,,,,,309355.00
497,Oshae Brissett\brissos01,TOR,557453.00,1701593.00,1846738.00,,,,,300000.00
498,Noah Vonleh\vonleno01,BRK,263995.00,,,,,,,263995.00
499,Oshae Brissett\brissos01,IND,557453.00,1701593.00,1846738.00,,,,MLE,257453.00
500,Frank Jackson\jacksfr01,OKC,,,,,,,,250000.00
501,Moritz Wagner\wagnemo01,ORL,2383915.00,,,,,,Minimum Salary,221995.00
502,Norvel Pelle\pelleno01,BRK,717845.00,1701593.00,1846738.00,,,,,217845.00
503,Andre Roberson\roberan03,BRK,152839.00,,,,,,,152839.00
504,Justin Anderson\anderju01,PHI,125000.00,,,,,,,125000.00
505,Troy Williams\willitr02,HOU,122741.00,122741.00,122741.00,,,,,368223.00
506,Demetrius Jackson\jacksde01,BOS,92857.00,92857.00,92857.00,92857.00,,,,371428.00
507,Henry Ellenson\ellenhe01,TOR,50000.00,,,,,,,50000.00
508,Chimezie Metu\metuch01,SAC,,,,,,,,50000.00
