,player_name,height (in),pts,reb,ast,college,country,team,Height Range
0,AJ Hammons,84.0,2.2,1.6,0.2,Purdue,USA,DAL,"6'10"" - 7'"
1,Aaron Brooks,72.0,3.65,0.8,1.25,Oregon,USA,MIN,<= 6ft
2,Aaron Gordon,81.0,15.433333333333332,6.8,2.6333333333333333,Arizona,USA,ORL,"6'7"" - 6'9"""
3,Aaron Harrison,78.0,3.45,1.6500000000000001,0.8999999999999999,Kentucky,USA,CHA,"6'4"" - 6'6"""
4,Aaron Holiday,73.0,5.9,1.3,1.7,UCLA,USA,IND,"6'1"" - 6'3"""
5,Aaron Jackson,75.0,8.0,3.0,1.0,None,USA,HOU,"6'1"" - 6'3"""
6,Abdel Nader,78.0,3.5,1.7,0.4,Iowa State,Egypt,BOS,"6'4"" - 6'6"""
7,Adreian Payne,82.0,3.85,1.8,0.2,Michigan State,USA,ORL,"6'10"" - 7'"
8,Al Horford,82.0,13.5,6.966666666666666,4.633333333333333,Florida,Dominican Republic,BOS,"6'10"" - 7'"
9,Al Jefferson,82.0,7.55,4.1,0.8500000000000001,None,USA,IND,"6'10"" - 7'"
10,Al-Farouq Aminu,81.0,9.133333333333333,7.5,1.3666666666666665,Wake Forest,USA,POR,"6'7"" - 6'9"""
11,Alan Anderson,78.0,2.9,0.8,0.4,Michigan State,USA,LAC,"6'4"" - 6'6"""
12,Alan Williams,80.0,5.0,4.8,0.9,Cal-Santa Barbara,USA,BKN,"6'7"" - 6'9"""
13,Alec Burks,78.0,7.733333333333333,3.1999999999999997,1.2333333333333334,Colorado,USA,SAC,"6'4"" - 6'6"""
14,Alec Peters,81.0,4.1,1.9,0.6,Valparaiso,USA,PHX,"6'7"" - 6'9"""
15,Alex Abrines,78.0,5.333333333333333,1.4333333333333333,0.5333333333333333,None,Spain,OKC,"6'4"" - 6'6"""
16,Alex Caruso,77.0,6.3999999999999995,2.25,2.55,Texas A&M,USA,LAL,"6'4"" - 6'6"""
17,Alex Len,85.0,9.200000000000001,6.533333333333334,0.9666666666666667,Maryland,Ukraine,ATL,> 7ft
18,Alex Poythress,80.33333333333333,5.599999999999999,3.033333333333333,0.5666666666666668,Kentucky,USA,ATL,"6'7"" - 6'9"""
19,Alexis Ajinca,86.0,5.3,4.5,0.3,None,France,NOP,> 7ft
20,Alfonzo McKinnie,80.0,3.1,1.95,0.25,None,USA,TOR,"6'7"" - 6'9"""
21,Alize Johnson,81.0,0.9,1.4,0.1,Missouri State,USA,IND,"6'7"" - 6'9"""
22,Allen Crabbe,78.0,11.166666666666666,3.533333333333333,1.3,California,USA,POR,"6'4"" - 6'6"""
23,Allonzo Trier,77.0,10.9,3.1,1.9,Arizona,USA,NYK,"6'4"" - 6'6"""
24,Alonzo Gee,78.0,0.8,1.2,0.5,Alabama,USA,DEN,"6'4"" - 6'6"""
25,Amile Jefferson,81.0,2.3,1.8,0.3,Duke,USA,ORL,"6'7"" - 6'9"""
26,Amir Johnson,81.0,5.0,4.0,1.5333333333333332,None,USA,BOS,"6'7"" - 6'9"""
27,Anderson Varejao,83.0,1.3,1.9,0.7,None,Brazil,GSW,"6'10"" - 7'"
28,Andre Drummond,83.0,15.299999999999999,15.133333333333333,1.8333333333333333,Connecticut,USA,DET,"6'10"" - 7'"
29,Andre Iguodala,78.0,6.433333333333334,3.8333333333333335,3.2999999999999994,Arizona,USA,GSW,"6'4"" - 6'6"""
30,Andre Ingram,75.0,6.0,1.75,1.75,American University,USA,LAL,"6'1"" - 6'3"""
31,Andre Roberson,79.0,5.8,4.9,1.1,Colorado,USA,OKC,"6'7"" - 6'9"""
32,Andrew Bogut,84.0,2.6333333333333333,5.466666666666666,1.1333333333333335,Utah,Australia,GSW,"6'10"" - 7'"
33,Andrew Harrison,78.0,6.2,1.7999999999999998,2.4666666666666663,Kentucky,USA,NOP,"6'4"" - 6'6"""
34,Andrew Nicholson,81.0,2.6,1.6,0.3,St. Bonaventure,Canada,BKN,"6'7"" - 6'9"""
35,Andrew White III,79.0,4.6,2.3,0.4,Syracuse,USA,ATL,"6'7"" - 6'9"""
36,Andrew Wiggins,80.0,19.8,4.3999999999999995,2.2666666666666666,Kansas,Canada,MIN,"6'7"" - 6'9"""
37,Anfernee Simons,76.0,3.8,0.7,0.7,None,USA,POR,"6'4"" - 6'6"""
38,Angel Delgado,82.0,1.5,2.0,0.0,None,Dominican Republic,LAC,"6'10"" - 7'"
39,Ante Zizic,83.0,5.75,3.6500000000000004,0.55,None,Croatia,CLE,"6'10"" - 7'"
40,Anthony Bennett,80.0,5.0,3.4,0.5,Nevada-Las Vegas,Canada,BKN,"6'7"" - 6'9"""
41,Anthony Brown,79.0,3.45,1.5,0.85,Stanford,USA,MIN,"6'7"" - 6'9"""
42,Anthony Davis,82.33333333333333,27.333333333333332,11.633333333333333,2.766666666666667,Kentucky,USA,NOP,"6'10"" - 7'"
43,Anthony Morrow,77.0,5.5,0.6,0.5,Georgia Tech,USA,CHI,"6'4"" - 6'6"""
44,Anthony Tolliver,80.0,7.0,3.1333333333333333,1.0,Creighton,USA,DET,"6'7"" - 6'9"""
45,Antonio Blakeney,76.0,7.6,1.7999999999999998,0.9,Louisiana State,USA,CHI,"6'4"" - 6'6"""
46,Antonius Cleveland,78.0,1.4,0.8,0.1,S.E. Missouri,USA,ATL,"6'4"" - 6'6"""
47,Archie Goodwin,77.0,7.3,1.9,1.6,Kentucky,USA,BKN,"6'4"" - 6'6"""
48,Arinze Onuaku,81.0,0.5,0.8,0.3,Syracuse,USA,ORL,"6'7"" - 6'9"""
49,Aron Baynes,82.0,5.5,4.833333333333334,0.8666666666666667,Washington State,Australia,BOS,"6'10"" - 7'"
50,Arron Afflalo,77.0,5.9,1.6,0.95,UCLA,USA,ORL,"6'4"" - 6'6"""
51,Austin Rivers,76.0,11.733333333333334,2.2333333333333334,3.0,Duke,USA,HOU,"6'4"" - 6'6"""
52,Avery Bradley,74.0,13.5,3.7999999999999994,2.2,Texas,USA,LAC,"6'1"" - 6'3"""
53,Axel Toupane,79.0,2.8,0.3,0.0,None,France,NOP,"6'7"" - 6'9"""
54,BJ Johnson,79.0,3.3,1.1,0.0,None,USA,SAC,"6'7"" - 6'9"""
55,Bam Adebayo,82.0,7.9,6.4,1.85,Kentucky,USA,MIA,"6'10"" - 7'"
56,Ben Bentil,81.0,0.0,0.7,0.0,Providence,Ghana,DAL,"6'7"" - 6'9"""
57,Ben McLemore,77.0,6.5,1.8333333333333333,0.6333333333333334,Kansas,USA,SAC,"6'4"" - 6'6"""
58,Ben Moore,80.0,0.0,0.5,0.5,Southern Methodist,USA,IND,"6'7"" - 6'9"""
59,Ben Simmons,82.0,16.35,8.45,7.949999999999999,Louisiana State,Australia,PHI,"6'10"" - 7'"
60,Beno Udrih,75.0,5.8,1.5,3.4,None,Slovenia,DET,"6'1"" - 6'3"""
61,Billy Garrett,78.0,6.5,0.8,1.8,DePaul,USA,NYK,"6'4"" - 6'6"""
62,Bismack Biyombo,81.0,5.366666666666667,5.766666666666667,0.7666666666666666,None,Democratic Republic of the Congo,ORL,"6'7"" - 6'9"""
63,Blake Griffin,82.0,22.5,7.666666666666667,5.366666666666667,Oklahoma,USA,LAC,"6'10"" - 7'"
64,Boban Marjanovic,87.0,6.266666666666667,4.0,0.6,None,Serbia,LAC,> 7ft
65,Bobby Brown,74.0,2.5,0.30000000000000004,0.6,Cal State-Fullerton,USA,HOU,"6'1"" - 6'3"""
66,Bobby Portis,83.0,11.4,6.5,1.2,Arkansas,USA,CHI,"6'10"" - 7'"
67,Bogdan Bogdanovic,78.0,12.95,3.2,3.55,None,Serbia,SAC,"6'4"" - 6'6"""
68,Bojan Bogdanovic,80.0,15.333333333333334,3.6333333333333333,1.6333333333333335,None,Croatia,WAS,"6'7"" - 6'9"""
69,Bonzie Colson,78.0,4.9,3.8,0.4,Notre Dame,USA,MIL,"6'4"" - 6'6"""
70,Boris Diaw,80.0,4.6,2.2,2.3,None,France,UTA,"6'7"" - 6'9"""
71,Brad Wanamaker,76.0,3.9,1.1,1.6,Pittsburgh,USA,BOS,"6'4"" - 6'6"""
72,Bradley Beal,77.0,23.76666666666667,4.166666666666667,4.5,Florida,USA,WAS,"6'4"" - 6'6"""
73,Brandan Wright,82.0,5.9,3.0999999999999996,0.5,North Carolina,USA,MEM,"6'10"" - 7'"
74,Brandon Bass,80.0,5.6,2.5,0.4,Louisiana State,USA,LAC,"6'7"" - 6'9"""
75,Brandon Goodwin,74.0,1.4,0.2,0.9,None,USA,DEN,"6'1"" - 6'3"""
76,Brandon Ingram,81.0,14.600000000000001,4.8,3.0,Duke,USA,LAL,"6'7"" - 6'9"""
77,Brandon Jennings,73.0,6.15,2.3,4.0,None,USA,MIL,"6'1"" - 6'3"""
78,Brandon Knight,75.0,8.9,1.85,2.1,Kentucky,USA,CLE,"6'1"" - 6'3"""
79,Brandon Paul,76.0,2.3,1.1,0.6,None,USA,SAS,"6'4"" - 6'6"""
80,Brandon Rush,78.0,4.2,2.1,1.0,Kansas,USA,MIN,"6'4"" - 6'6"""
81,Brandon Sampson,77.0,5.1,1.1,0.7,None,USA,CHI,"6'4"" - 6'6"""
82,Brian Roberts,73.0,3.5,1.0,1.3,Dayton,USA,CHA,"6'1"" - 6'3"""
83,Briante Weber,74.0,2.95,1.6,1.15,Virginia Commonwealth,USA,MEM,"6'1"" - 6'3"""
84,Brice Johnson,82.0,1.85,1.35,0.2,North Carolina,USA,LAC,"6'10"" - 7'"
85,Brook Lopez,84.0,15.333333333333334,4.766666666666667,1.7333333333333334,Stanford,USA,BKN,"6'10"" - 7'"
86,Bruce Brown,77.0,4.3,2.5,1.2,Miami,USA,DET,"6'4"" - 6'6"""
87,Bruno Caboclo,81.0,4.033333333333334,2.5,0.7333333333333334,None,Brazil,SAC,"6'7"" - 6'9"""
88,Bryn Forbes,75.0,7.1000000000000005,1.6333333333333335,1.2333333333333334,Michigan State,USA,SAS,"6'1"" - 6'3"""
89,Buddy Hield,76.0,14.933333333333332,4.033333333333333,1.9666666666666668,Oklahoma,Bahamas,SAC,"6'4"" - 6'6"""
90,C.J. Watson,74.0,4.5,1.4,1.8,Tennessee,USA,ORL,"6'1"" - 6'3"""
91,C.J. Williams,77.0,4.05,1.0,0.9500000000000001,North Carolina State,USA,LAC,"6'4"" - 6'6"""
92,CJ McCollum,75.0,21.8,3.8666666666666667,3.3333333333333335,Lehigh,USA,POR,"6'1"" - 6'3"""
93,CJ Miles,78.0,9.033333333333333,2.3333333333333335,0.6999999999999998,None,USA,TOR,"6'4"" - 6'6"""
94,CJ Wilcox,77.0,1.0,0.5,0.5,Washington,USA,ORL,"6'4"" - 6'6"""
95,Caleb Swanigan,80.5,2.15,2.5,0.5,Purdue,USA,SAC,"6'7"" - 6'9"""
96,Cameron Payne,75.0,6.766666666666667,2.033333333333333,3.0,Murray State,USA,CLE,"6'1"" - 6'3"""
97,Cameron Reynolds,80.0,5.0,1.6,0.7,None,USA,MIN,"6'7"" - 6'9"""
98,Caris LeVert,79.0,11.333333333333334,3.6,3.3333333333333335,Michigan,USA,BKN,"6'7"" - 6'9"""
99,Carmelo Anthony,80.0,17.333333333333332,5.7,1.5666666666666667,Syracuse,USA,HOU,"6'7"" - 6'9"""
100,Cedi Osman,80.0,8.45,3.35,1.65,None,Turkey,CLE,"6'7"" - 6'9"""
101,Chandler Hutchison,79.0,5.2,4.2,0.8,Boise State,USA,CHI,"6'7"" - 6'9"""
102,Chandler Parsons,82.0,7.2,2.6,1.7333333333333332,Florida,USA,MEM,"6'10"" - 7'"
103,Channing Frye,83.33333333333333,5.8999999999999995,2.6,0.6333333333333333,Arizona,USA,LAL,"6'10"" - 7'"
104,Charles Cooke,77.0,0.5,0.2,0.1,University of Dayton,USA,NOP,"6'4"" - 6'6"""
105,Chasson Randle,74.0,5.4,1.15,1.65,Stanford,USA,WAS,"6'1"" - 6'3"""
106,Cheick Diallo,81.0,5.333333333333333,4.533333333333334,0.3666666666666667,Kansas,Mali,NOP,"6'7"" - 6'9"""
107,Chimezie Metu,82.0,1.8,1.2,0.4,USC,USA,SAS,"6'10"" - 7'"
108,Chinanu Onuaku,82.0,3.4,3.0,0.8,Louisville,USA,HOU,"6'10"" - 7'"
109,Chris Andersen,82.0,2.3,2.6,0.4,Blinn,USA,CLE,"6'10"" - 7'"
110,Chris Boucher,82.0,1.65,1.5,0.05,Oregon,Canada,GSW,"6'10"" - 7'"
111,Chris Chiozza,72.0,0.9,0.6,0.6,None,USA,HOU,<= 6ft
112,Chris McCullough,81.0,2.3499999999999996,1.25,0.15000000000000002,Syracuse,USA,WAS,"6'7"" - 6'9"""
113,Chris Paul,72.0,17.433333333333334,5.0,8.433333333333334,Wake Forest,USA,LAC,<= 6ft
114,Christian Wood,82.5,5.449999999999999,3.1,0.30000000000000004,Nevada-Las Vegas,USA,CHA,"6'10"" - 7'"
115,Clint Capela,82.0,14.366666666666667,10.533333333333333,1.0999999999999999,None,Switzerland,HOU,"6'10"" - 7'"
116,Cody Zeller,84.0,9.166666666666666,6.233333333333333,1.5333333333333332,Indiana,USA,CHA,"6'10"" - 7'"
117,Cole Aldrich,83.0,1.15,1.6,0.25,Kansas,USA,MIN,"6'10"" - 7'"
118,Collin Sexton,74.0,16.7,2.9,3.0,Alabama,USA,CLE,"6'1"" - 6'3"""
119,Corey Brewer,81.0,4.8999999999999995,2.1999999999999997,1.1333333333333335,Florida,USA,SAC,"6'7"" - 6'9"""
120,Cory Joseph,75.0,7.900000000000001,3.1666666666666665,3.466666666666667,Texas,Canada,TOR,"6'1"" - 6'3"""
121,Courtney Lee,77.0,8.933333333333334,2.6333333333333333,1.9333333333333333,Western Kentucky,USA,NYK,"6'4"" - 6'6"""
122,Cristiano Felicio,81.33333333333333,4.8,4.166666666666667,0.7333333333333334,None,Brazil,CHI,"6'10"" - 7'"
123,D'Angelo Russell,77.0,17.400000000000002,3.766666666666667,5.666666666666667,Ohio State,USA,LAL,"6'4"" - 6'6"""
124,D.J. Augustin,72.0,9.933333333333334,2.033333333333333,3.9333333333333336,Texas,USA,ORL,<= 6ft
125,D.J. Wilson,82.0,3.4,2.55,0.6000000000000001,Michigan,USA,MIL,"6'10"" - 7'"
126,DJ Stephens,77.0,2.0,0.0,0.0,Memphis,USA,MEM,"6'4"" - 6'6"""
127,Dahntay Jones,78.0,9.0,2.0,1.0,Duke,USA,CLE,"6'4"" - 6'6"""
128,Dairis Bertans,76.0,2.8,0.8,0.8,None,Latvia,NOP,"6'4"" - 6'6"""
129,Dakari Johnson,84.0,1.8,1.1,0.3,Kentucky,USA,OKC,"6'10"" - 7'"
130,Damian Jones,84.0,3.0,2.1,0.43333333333333335,Vanderbilt,USA,GSW,"6'10"" - 7'"
131,Damian Lillard,75.0,26.566666666666666,4.666666666666667,6.466666666666666,Weber State,USA,POR,"6'1"" - 6'3"""
132,Damien Wilkins,78.0,1.7,0.8,0.5,Georgia,USA,IND,"6'4"" - 6'6"""
133,Damion Lee,78.0,7.8,3.35,1.15,Louisville,USA,ATL,"6'4"" - 6'6"""
134,Damjan Rudez,82.0,1.8,0.6,0.4,None,Croatia,ORL,"6'10"" - 7'"
135,Damyean Dotson,77.5,7.3999999999999995,2.75,1.25,Houston,USA,NYK,"6'4"" - 6'6"""
136,Daniel Hamilton,79.0,2.5,1.65,1.25,Connecticut,USA,OKC,"6'7"" - 6'9"""
137,Daniel Ochefu,83.0,1.3,1.2,0.2,Villanova,USA,WAS,"6'10"" - 7'"
138,Daniel Theis,80.5,5.5,3.8499999999999996,0.95,None,Germany,BOS,"6'7"" - 6'9"""
139,Danilo Gallinari,82.0,17.766666666666666,5.366666666666666,2.233333333333333,None,Italy,LAC,"6'10"" - 7'"
140,Danny Green,78.0,8.733333333333333,3.633333333333333,1.6666666666666667,North Carolina,USA,TOR,"6'4"" - 6'6"""
141,Dante Cunningham,80.0,5.1,3.733333333333333,0.7000000000000001,Villanova,USA,SAS,"6'7"" - 6'9"""
142,Dante Exum,78.0,7.066666666666666,1.8333333333333333,2.466666666666667,None,Australia,UTA,"6'4"" - 6'6"""
143,Danuel House,79.0,0.0,1.0,0.0,Texas A&M,USA,WAS,"6'7"" - 6'9"""
144,Danuel House Jr.,79.0,8.0,3.45,1.05,Texas A&M,USA,HOU,"6'7"" - 6'9"""
145,Dario Saric,82.0,12.666666666666666,6.2,2.1333333333333333,None,Croatia,PHI,"6'10"" - 7'"
146,Darius Miller,80.0,8.0,1.95,1.75,Kentucky,USA,NOP,"6'7"" - 6'9"""
147,Darrell Arthur,81.0,4.6,1.75,0.75,Kansas,USA,DEN,"6'7"" - 6'9"""
148,Darren Collison,72.66666666666667,12.266666666666666,2.6333333333333333,5.3,UCLA,USA,IND,"6'1"" - 6'3"""
149,Darrun Hilliard,78.0,2.2,0.65,0.8,Villanova,USA,SAS,"6'4"" - 6'6"""
150,Daryl Macon,75.0,3.6,1.5,0.9,Arkansas,USA,DAL,"6'1"" - 6'3"""
151,David Lee,81.0,7.3,5.6,1.6,Florida,USA,SAS,"6'7"" - 6'9"""
152,David Nwaba,76.0,6.8,3.7000000000000006,1.0999999999999999,None,USA,LAL,"6'4"" - 6'6"""
153,David Stockton,71.0,3.3,0.0,0.0,Gonzaga,USA,UTA,<= 6ft
154,David West,81.0,5.699999999999999,3.15,2.05,Xavier,USA,GSW,"6'7"" - 6'9"""
155,Davis Bertans,82.0,6.133333333333333,2.3333333333333335,1.0,None,Latvia,SAS,"6'10"" - 7'"
156,Davon Reed,77.5,2.1,1.25,0.44999999999999996,Miami,USA,PHX,"6'4"" - 6'6"""
157,De'Aaron Fox,75.0,14.45,3.3,5.85,Kentucky,USA,SAC,"6'1"" - 6'3"""
158,De'Anthony Melton,76.0,5.0,2.7,3.2,USC,USA,PHX,"6'4"" - 6'6"""
159,DeAndre Jordan,83.0,11.9,14.033333333333331,1.6666666666666667,Texas A&M,USA,LAC,"6'10"" - 7'"
160,DeAndre Liggins,78.0,2.1,1.5,0.8500000000000001,Kentucky,USA,NOP,"6'4"" - 6'6"""
161,DeAndre' Bembry,78.0,5.433333333333334,2.9333333333333336,1.7,None,USA,ATL,"6'4"" - 6'6"""
162,DeMar DeRozan,79.0,23.833333333333332,5.033333333333333,5.1000000000000005,Southern California,USA,TOR,"6'7"" - 6'9"""
163,DeMarcus Cousins,83.0,22.833333333333332,10.700000000000001,4.533333333333333,Kentucky,USA,NOP,"6'10"" - 7'"
164,DeMarre Carroll,80.0,11.166666666666666,5.199999999999999,1.4333333333333333,Missouri,USA,TOR,"6'7"" - 6'9"""
165,DeVaughn Akoon-Purcell,78.0,1.0,0.6,0.9,Illinois State,Trinidad and Tobago,DEN,"6'4"" - 6'6"""
166,Deandre Ayton,85.0,16.3,10.3,1.8,Arizona,Bahamas,PHX,> 7ft
167,Dejounte Murray,77.0,5.75,3.4000000000000004,2.1,Washington,USA,SAS,"6'4"" - 6'6"""
168,Delon Wright,77.0,7.433333333333333,2.733333333333333,2.766666666666667,Utah,USA,TOR,"6'4"" - 6'6"""
169,Demetrius Jackson,73.0,2.266666666666667,0.7000000000000001,0.6666666666666666,Notre Dame,USA,PHI,"6'1"" - 6'3"""
170,Deng Adel,79.0,1.7,1.0,0.3,None,South Sudan,CLE,"6'7"" - 6'9"""
171,Dennis Schroder,73.0,17.599999999999998,3.266666666666667,5.533333333333332,None,Germany,OKC,"6'1"" - 6'3"""
172,Dennis Smith Jr.,75.0,14.399999999999999,3.3499999999999996,5.0,North Carolina State,USA,DAL,"6'1"" - 6'3"""
173,Denzel Valentine,78.0,7.6499999999999995,3.8499999999999996,2.1500000000000004,Michigan State,USA,CHI,"6'4"" - 6'6"""
174,Deonte Burton,77.0,2.6,0.9,0.3,Iowa State,USA,OKC,"6'4"" - 6'6"""
175,Deron Williams,75.0,11.0,2.3,5.6,Illinois,USA,CLE,"6'1"" - 6'3"""
176,Derrick Favors,82.0,11.200000000000001,6.900000000000001,1.2,Georgia Tech,USA,UTA,"6'10"" - 7'"
177,Derrick Jones Jr.,79.0,5.133333333333334,2.8000000000000003,0.5,Nevada-Las Vegas,USA,PHX,"6'7"" - 6'9"""
178,Derrick Rose,75.0,14.799999999999999,2.6333333333333333,3.4,Memphis,USA,MIN,"6'1"" - 6'3"""
179,Derrick Walton Jr.,73.0,1.8,1.0,1.0,Michigan,USA,MIA,"6'1"" - 6'3"""
180,Derrick White,76.0,6.550000000000001,2.6,2.2,Colorado,USA,SAS,"6'4"" - 6'6"""
181,Derrick Williams,80.0,3.55,1.55,0.3,Arizona,USA,CLE,"6'7"" - 6'9"""
182,Devin Booker,78.0,24.53333333333333,3.9333333333333336,4.966666666666666,Kentucky,USA,PHX,"6'4"" - 6'6"""
183,Devin Harris,75.0,7.133333333333333,1.8,2.0,Wisconsin,USA,DEN,"6'1"" - 6'3"""
184,Devin Robinson,80.0,4.35,3.95,0.45,Florida,USA,WAS,"6'7"" - 6'9"""
185,Devonte' Graham,74.0,4.7,1.4,2.6,Kansas,USA,CHA,"6'1"" - 6'3"""
186,Dewayne Dedmon,84.0,8.633333333333333,7.3,1.1666666666666667,Southern California,USA,SAS,"6'10"" - 7'"
187,Deyonta Davis,82.66666666666667,3.8000000000000003,3.233333333333333,0.4333333333333333,Michigan State,USA,MEM,"6'10"" - 7'"
188,Diamond Stone,83.0,1.4,0.9,0.0,Maryland,USA,LAC,"6'10"" - 7'"
189,Dillon Brooks,78.0,9.25,2.4,1.25,Oregon,Canada,MEM,"6'4"" - 6'6"""
190,Dion Waiters,76.0,14.033333333333333,2.8333333333333335,3.633333333333333,Syracuse,USA,MIA,"6'4"" - 6'6"""
191,Dirk Nowitzki,84.0,11.166666666666666,5.1000000000000005,1.2666666666666666,None,Germany,DAL,"6'10"" - 7'"
192,Domantas Sabonis,82.66666666666667,10.533333333333333,6.866666666666667,1.9666666666666668,Gonzaga,Lithuania,IND,"6'10"" - 7'"
193,Donatas Motiejunas,84.0,3.2,2.0,0.6,None,Lithuania,SAS,"6'10"" - 7'"
194,Donovan Mitchell,75.0,22.15,3.9,3.95,Louisville,USA,UTA,"6'1"" - 6'3"""
195,Donte DiVincenzo,76.0,4.9,2.4,1.1,Villanova,USA,MIL,"6'4"" - 6'6"""
196,Donte Grantham,80.0,0.0,0.0,0.0,Clemson,USA,OKC,"6'7"" - 6'9"""
197,Dorian Finney-Smith,80.0,5.8999999999999995,3.7000000000000006,1.0666666666666667,Florida,USA,DAL,"6'7"" - 6'9"""
198,Doug McDermott,80.0,8.033333333333333,2.1999999999999997,0.9333333333333332,Creighton,USA,DAL,"6'7"" - 6'9"""
199,Dragan Bender,85.0,4.966666666666667,3.6,1.0999999999999999,None,Croatia,PHX,> 7ft
200,Draymond Green,79.0,9.533333333333333,7.599999999999999,7.066666666666666,Michigan State,USA,GSW,"6'7"" - 6'9"""
201,Drew Eubanks,82.0,1.8,1.5,0.3,None,USA,SAS,"6'10"" - 7'"
202,Duncan Robinson,80.0,3.3,1.3,0.3,Michigan,USA,MIA,"6'7"" - 6'9"""
203,Dusty Hannahs,76.0,4.0,0.5,2.5,Arkansas,USA,MEM,"6'4"" - 6'6"""
204,Dwayne Bacon,79.0,5.3,2.2,0.9,Florida State,USA,CHA,"6'7"" - 6'9"""
205,Dwight Buycks,75.0,7.4,1.4,2.0,Marquette,USA,DET,"6'1"" - 6'3"""
206,Dwight Howard,83.0,14.300000000000002,11.466666666666667,1.0333333333333334,None,USA,ATL,"6'10"" - 7'"
207,Dwight Powell,83.0,8.6,4.966666666666666,1.0999999999999999,Stanford,Canada,DAL,"6'10"" - 7'"
208,Dwyane Wade,76.0,14.9,4.1000000000000005,3.7999999999999994,Marquette,USA,MIA,"6'4"" - 6'6"""
209,Dzanan Musa,81.0,2.1,0.6,0.2,None,Bosnia and Herzegovina,BKN,"6'7"" - 6'9"""
210,E'Twaun Moore,76.0,11.333333333333334,2.466666666666667,2.1333333333333333,Purdue,USA,NOP,"6'4"" - 6'6"""
211,Ed Davis,82.0,5.133333333333333,7.099999999999999,0.6333333333333334,North Carolina,USA,POR,"6'10"" - 7'"
212,Edmond Sumner,77.5,2.45,1.0,0.2,Xavier,USA,IND,"6'4"" - 6'6"""
213,Edy Tavares,87.0,4.0,5.5,0.5,None,Cabo Verde,CLE,> 7ft
214,Ekpe Udoh,82.0,2.45,2.1,0.65,Baylor,USA,UTA,"6'10"" - 7'"
215,Elfrid Payton,76.0,12.033333333333331,4.733333333333333,6.766666666666667,Louisana-Lafayette,USA,NOP,"6'4"" - 6'6"""
216,Elie Okobo,75.0,5.7,1.8,2.4,None,France,PHX,"6'1"" - 6'3"""
217,Elijah Millsap,79.0,1.5,3.0,0.5,Alabama-Birmingham,USA,PHX,"6'7"" - 6'9"""
218,Emanuel Terry,81.0,3.3,2.3,0.7,None,USA,MIA,"6'7"" - 6'9"""
219,Emeka Okafor,82.0,4.4,4.6,0.3,Connecticut,USA,NOP,"6'10"" - 7'"
220,Emmanuel Mudiay,77.0,11.466666666666669,2.9666666666666663,3.6666666666666665,None,Democratic Republic of the Congo,DEN,"6'4"" - 6'6"""
221,Enes Kanter,83.0,14.033333333333331,9.166666666666666,1.366666666666667, ,Turkey,POR,"6'10"" - 7'"
222,Eric Bledsoe,73.0,18.233333333333334,4.3999999999999995,5.6000000000000005,Kentucky,USA,MIL,"6'1"" - 6'3"""
223,Eric Gordon,76.0,16.8,2.466666666666667,2.1999999999999997,Indiana,USA,HOU,"6'4"" - 6'6"""
224,Eric Moreland,82.0,1.75,4.05,1.0,Oregon State,USA,DET,"6'10"" - 7'"
225,Erik McCree,80.0,0.0,0.3,0.0,Louisiana Tech,USA,UTA,"6'7"" - 6'9"""
226,Ersan Ilyasova,82.0,10.266666666666666,5.433333333333334,1.2666666666666666,None,Turkey,ATL,"6'10"" - 7'"
227,Evan Fournier,79.0,16.7,3.1666666666666665,3.1666666666666665,None,France,ORL,"6'7"" - 6'9"""
228,Evan Turner,79.0,8.0,3.8000000000000003,3.1,Ohio State,USA,POR,"6'7"" - 6'9"""
229,Frank Jackson,75.0,8.1,2.2,1.1,Duke,USA,NOP,"6'1"" - 6'3"""
230,Frank Kaminsky,84.0,10.466666666666667,3.8666666666666667,1.7,Wisconsin,USA,CHA,"6'10"" - 7'"
231,Frank Mason,71.0,6.5,1.8,2.5,Kansas,USA,SAC,<= 6ft
232,Frank Ntilikina,77.5,5.800000000000001,2.15,3.0,None,France,NYK,"6'4"" - 6'6"""
233,Fred VanVleet,72.0,7.5,2.033333333333333,2.966666666666667,Wichita State,USA,TOR,<= 6ft
234,Furkan Korkmaz,79.0,3.7,1.5,0.7000000000000001,None,Turkey,PHI,"6'7"" - 6'9"""
235,Garrett Temple,78.0,8.0,2.6666666666666665,1.9666666666666668,Louisiana State,USA,SAC,"6'4"" - 6'6"""
236,Gary Clark,80.0,2.9,2.3,0.4,None,USA,HOU,"6'7"" - 6'9"""
237,Gary Harris,76.0,15.1,2.8333333333333335,2.6666666666666665,Michigan State,USA,DEN,"6'4"" - 6'6"""
238,Gary Neal,76.0,2.0,0.5,0.5,Towson,USA,ATL,"6'4"" - 6'6"""
239,Gary Payton II,75.0,3.3333333333333335,1.5333333333333332,1.4666666666666668,Oregon State,USA,WAS,"6'1"" - 6'3"""
240,Gary Trent Jr.,78.0,2.7,0.7,0.3,None,USA,POR,"6'4"" - 6'6"""
241,George Hill,75.0,11.5,2.8666666666666667,3.1,None,USA,MIL,"6'1"" - 6'3"""
242,George King,78.0,0.0,1.0,0.0,University of Colorado Boulder,USA,PHX,"6'4"" - 6'6"""
243,Georges Niang,79.33333333333333,1.9666666666666668,1.0666666666666667,0.3666666666666667,Iowa State,USA,UTA,"6'7"" - 6'9"""
244,Georgios Papagiannis,85.0,3.8499999999999996,3.05,0.7,None,Greece,POR,> 7ft
245,Gerald Green,79.0,8.966666666666667,2.5,0.6,None,USA,BOS,"6'7"" - 6'9"""
246,Gerald Henderson,77.0,9.2,2.6,1.6,Duke,USA,PHI,"6'4"" - 6'6"""
247,Gian Clavell,76.0,2.9,1.0,0.4,Colorado State,Puerto Rico,DAL,"6'4"" - 6'6"""
248,Giannis Antetokounmpo,83.0,25.833333333333332,10.433333333333334,5.366666666666667,None,Greece,MIL,"6'10"" - 7'"
249,Glenn Robinson III,78.33333333333333,4.8,2.2333333333333334,0.6,Michigan,USA,IND,"6'7"" - 6'9"""
250,Goran Dragic,75.0,17.099999999999998,3.6666666666666665,5.133333333333333,None,Slovenia,MIA,"6'1"" - 6'3"""
251,Gordon Hayward,80.0,11.799999999999999,3.6333333333333333,2.3000000000000003,Butler,USA,BOS,"6'7"" - 6'9"""
252,Gorgui Dieng,83.0,7.433333333333334,5.533333333333334,1.2333333333333334,Louisville,Senegal,MIN,"6'10"" - 7'"
253,Grayson Allen,77.0,5.6,0.6,0.7,Duke,USA,UTA,"6'4"" - 6'6"""
254,Greg Monroe,83.0,9.1,5.833333333333333,1.7,Georgetown,USA,PHI,"6'10"" - 7'"
255,Greivis Vasquez,78.0,2.3,0.7,1.7,Maryland,Venezuela,BKN,"6'4"" - 6'6"""
256,Guerschon Yabusele,80.0,2.3499999999999996,1.4500000000000002,0.45,None,France,BOS,"6'7"" - 6'9"""
257,Hamidou Diallo,77.0,3.7,1.9,0.3,Kentucky,USA,OKC,"6'4"" - 6'6"""
258,Harrison Barnes,80.0,18.166666666666664,5.266666666666667,1.6666666666666667,North Carolina,USA,DAL,"6'7"" - 6'9"""
259,Harry Giles III,82.0,7.0,3.8,1.5,Duke,USA,SAC,"6'10"" - 7'"
260,Hassan Whiteside,84.0,14.433333333333332,12.266666666666667,0.8333333333333334,Marshall,USA,MIA,"6'10"" - 7'"
261,Haywood Highsmith,79.0,1.8,1.0,0.4,None,USA,PHI,"6'7"" - 6'9"""
262,Henry Ellenson,83.0,4.3999999999999995,2.6,0.5666666666666668,Marquette,USA,NYK,"6'10"" - 7'"
263,Hollis Thompson,80.0,5.1,2.8,0.9,Georgetown,USA,NOP,"6'7"" - 6'9"""
264,Ian Clark,75.0,6.966666666666668,1.6000000000000003,1.4333333333333333,Belmont,USA,NOP,"6'1"" - 6'3"""
265,Ian Mahinmi,83.0,4.833333333333333,4.233333333333333,0.6666666666666666,None,France,WAS,"6'10"" - 7'"
266,Ike Anigbogu,82.0,0.6,0.9,0.15,UCLA,USA,IND,"6'10"" - 7'"
267,Iman Shumpert,77.0,6.466666666666666,2.9333333333333336,1.4666666666666668,Georgia Tech,USA,HOU,"6'4"" - 6'6"""
268,Isaac Bonga,80.0,0.9,1.1,0.7,None,Germany,LAL,"6'7"" - 6'9"""
269,Isaac Humphries,84.0,3.0,2.2,0.0,Kentucky,Australia,ATL,"6'10"" - 7'"
270,Isaiah Briscoe,75.0,3.5,1.9,2.2,None,USA,ORL,"6'1"" - 6'3"""
271,Isaiah Canaan,72.0,6.3999999999999995,1.8333333333333333,2.5,Murray State,USA,CHI,<= 6ft
272,Isaiah Hartenstein,84.0,1.9,1.7,0.5,None,Germany,HOU,"6'10"" - 7'"
273,Isaiah Hicks,81.0,4.2,2.3,0.8,North Carolina,USA,NYK,"6'7"" - 6'9"""
274,Isaiah Taylor,75.0,3.6999999999999997,1.1,1.9500000000000002,Texas,USA,HOU,"6'1"" - 6'3"""
275,Isaiah Thomas,69.0,17.4,1.9666666666666668,4.2,Washington,USA,BOS,<= 6ft
276,Isaiah Whitehead,76.0,6.85,2.05,1.9500000000000002,Seton Hall,USA,BKN,"6'4"" - 6'6"""
277,Ish Smith,72.0,9.733333333333334,2.733333333333333,4.4,Wake Forest,USA,DET,<= 6ft
278,Ivan Rabb,82.0,5.699999999999999,4.300000000000001,1.0,"University of California, Berkeley",USA,MEM,"6'10"" - 7'"
279,Ivica Zubac,85.0,6.699999999999999,4.4,0.8333333333333334,None,Croatia,LAC,> 7ft
280,J.J. Barea,72.0,11.133333333333333,2.6,5.8,Northeastern,Puerto Rico,DAL,<= 6ft
281,J.P. Macura,77.0,3.0,1.5,1.0,Xavier,USA,CHA,"6'4"" - 6'6"""
282,JJ Redick,76.0,16.733333333333334,2.3666666666666667,2.3666666666666667,Duke,USA,PHI,"6'4"" - 6'6"""
283,JR Smith,78.0,7.866666666666667,2.4333333333333336,1.7333333333333334,None,USA,CLE,"6'4"" - 6'6"""
284,JaKarr Sampson,81.0,12.35,5.75,0.7,"St. John's, N.Y.",USA,SAC,"6'7"" - 6'9"""
285,JaMychal Green,81.0,9.533333333333333,7.266666666666666,1.0999999999999999,Alabama,USA,MEM,"6'7"" - 6'9"""
286,JaVale McGee,84.0,7.633333333333333,4.433333333333334,0.4666666666666666,Nevada-Reno,USA,GSW,"6'10"" - 7'"
287,Jabari Bird,78.0,3.0,1.5,0.6,California,USA,BOS,"6'4"" - 6'6"""
288,Jabari Parker,80.0,15.733333333333334,5.900000000000001,2.3666666666666667,Duke,USA,MIL,"6'7"" - 6'9"""
289,Jack Cooley,82.0,5.7,4.3,0.9,Notre Dame,USA,SAC,"6'10"" - 7'"
290,Jacob Evans,78.0,1.3,0.8,0.8,Cincinnati,USA,GSW,"6'4"" - 6'6"""
291,Jacob Pullen,73.0,0.7,0.0,0.0,Kansas State,USA,PHI,"6'1"" - 6'3"""
292,Jacob Wiley,80.0,0.8,2.2,0.4,Eastern Washington,USA,BKN,"6'7"" - 6'9"""
293,Jae Crowder,78.0,11.833333333333334,4.666666666666667,1.7000000000000002,Marquette,USA,UTA,"6'4"" - 6'6"""
294,Jahlil Okafor,83.0,8.766666666666667,4.166666666666667,0.7666666666666666,Duke,USA,PHI,"6'10"" - 7'"
295,Jake Layman,81.0,3.6,1.4333333333333333,0.4333333333333333,Maryland,USA,POR,"6'7"" - 6'9"""
296,Jakob Poeltl,84.0,5.166666666666667,4.3999999999999995,0.6999999999999998,Utah,Austria,SAS,"6'10"" - 7'"
297,Jalen Brunson,75.0,9.3,2.3,3.2,Villanova,USA,DAL,"6'1"" - 6'3"""
298,Jalen Jones,79.0,4.85,2.25,0.35,Texas A&M,USA,CLE,"6'7"" - 6'9"""
299,Jamal Crawford,77.0,10.166666666666668,1.366666666666667,2.8333333333333335,Michigan,USA,PHX,"6'4"" - 6'6"""
300,Jamal Murray,76.0,14.933333333333332,3.5,3.433333333333333,Kentucky,Canada,DEN,"6'4"" - 6'6"""
301,Jameel Warney,80.0,5.7,3.0,0.0,"Stony Brook, N.Y.",USA,DAL,"6'7"" - 6'9"""
302,Jameer Nelson,72.0,7.05,2.35,4.35,None,USA,DET,<= 6ft
303,Jamel Artis,79.0,5.1,2.5,1.2,Pittsburgh,USA,ORL,"6'7"" - 6'9"""
304,James Ennis III,79.0,6.833333333333333,3.4,0.9,Long Beach State,USA,MEM,"6'7"" - 6'9"""
305,James Harden,77.0,31.866666666666664,6.7,9.166666666666666,Arizona State,USA,HOU,"6'4"" - 6'6"""
306,James Johnson,80.33333333333333,10.466666666666667,4.333333333333334,3.2999999999999994,Wake Forest,USA,MIA,"6'7"" - 6'9"""
307,James Jones,80.0,2.8,0.8,0.3,Miami (FL),USA,CLE,"6'7"" - 6'9"""
308,James Michael McAdoo,81.0,2.75,1.25,0.15,North Carolina,USA,PHI,"6'7"" - 6'9"""
309,James Nunnally,79.0,2.4,0.3,0.5,Cal-Santa Barbara,USA,HOU,"6'7"" - 6'9"""
310,James Webb III,81.0,1.6,2.4,0.4,Boise State,USA,BKN,"6'7"" - 6'9"""
311,James Young,78.0,2.55,0.6,0.2,Kentucky,USA,PHI,"6'4"" - 6'6"""
312,Jamil Wilson,79.0,7.0,2.1,0.7,Marquette,USA,LAC,"6'7"" - 6'9"""
313,Jared Dudley,79.0,4.966666666666668,2.6999999999999997,1.6333333333333335,Boston College,USA,BKN,"6'7"" - 6'9"""
314,Jared Sullinger,81.0,3.4,2.5,0.3,Ohio State,USA,TOR,"6'7"" - 6'9"""
315,Jared Terrell,75.0,2.2,0.4,0.9,Rhode Island,USA,MIN,"6'1"" - 6'3"""
316,Jarell Eddie,79.0,2.4,0.85,0.0,Virginia Tech,USA,CHI,"6'7"" - 6'9"""
317,Jarell Martin,82.0,4.766666666666667,3.3333333333333335,0.5333333333333333,Louisiana State,USA,MEM,"6'10"" - 7'"
318,Jaren Jackson Jr.,83.0,13.8,4.7,1.1,Michigan State,USA,MEM,"6'10"" - 7'"
319,Jarnell Stokes,81.0,1.5,1.0,1.0,Tennessee,USA,DEN,"6'7"" - 6'9"""
320,Jaron Blossomgame,80.0,4.2,3.6,0.5,Clemson,USA,CLE,"6'7"" - 6'9"""
321,Jarred Vanderbilt,81.0,1.4,1.4,0.2,Kentucky,USA,DEN,"6'7"" - 6'9"""
322,Jarrett Allen,83.0,9.55,6.9,1.0499999999999998,Texas,USA,BKN,"6'10"" - 7'"
323,Jarrett Jack,75.0,5.25,1.55,4.05,Georgia Tech,USA,NYK,"6'1"" - 6'3"""
324,Jarrod Uthoff,81.0,4.4,2.4,1.0,Iowa,USA,DAL,"6'7"" - 6'9"""
325,Jason Smith,84.0,4.133333333333333,2.5666666666666664,0.5333333333333333,Colorado State,USA,WAS,"6'10"" - 7'"
326,Jason Terry,74.0,3.6999999999999997,1.15,1.25,Arizona,USA,MIL,"6'1"" - 6'3"""
327,Jawun Evans,72.0,2.8,1.65,1.7000000000000002,Oklahoma State,USA,OKC,<= 6ft
328,Jaylen Adams,74.0,3.2,1.8,1.9,St. Bonaventure,USA,ATL,"6'1"" - 6'3"""
329,Jaylen Brown,79.0,11.366666666666667,3.966666666666667,1.2666666666666668,California,USA,BOS,"6'7"" - 6'9"""
330,Jaylen Morris,77.0,3.6,2.0,1.1,Molloy,USA,MIL,"6'4"" - 6'6"""
331,Jayson Tatum,80.0,14.8,5.5,1.85,Duke,USA,BOS,"6'7"" - 6'9"""
332,Jeff Green,81.0,10.766666666666666,3.4333333333333336,1.4333333333333333,Georgetown,USA,ORL,"6'7"" - 6'9"""
333,Jeff Teague,74.0,13.866666666666667,3.1666666666666665,7.666666666666667,Wake Forest,USA,MIN,"6'1"" - 6'3"""
334,Jeff Withey,84.0,2.2,1.7,0.05,Kansas,USA,DAL,"6'10"" - 7'"
335,Jemerrio Jones,77.0,4.5,8.2,2.2,None,USA,LAL,"6'4"" - 6'6"""
336,Jerami Grant,81.0,9.166666666666666,3.9000000000000004,0.7666666666666666,Syracuse,USA,OKC,"6'7"" - 6'9"""
337,Jeremy Evans,81.0,2.0,1.0,0.0,Western Kentucky,USA,ATL,"6'7"" - 6'9"""
338,Jeremy Lamb,77.0,12.633333333333335,4.633333333333333,1.9000000000000001,Connecticut,USA,CHA,"6'4"" - 6'6"""
339,Jeremy Lin,75.0,14.033333333333333,2.0666666666666664,4.066666666666666,Harvard,USA,BKN,"6'1"" - 6'3"""
340,Jerian Grant,76.0,6.166666666666667,1.8999999999999997,3.033333333333333,Notre Dame,USA,CHI,"6'4"" - 6'6"""
341,Jerome Robinson,77.0,3.4,1.2,0.6,Boston College,USA,LAC,"6'4"" - 6'6"""
342,Jerryd Bayless,75.0,8.333333333333334,2.6333333333333333,3.0666666666666664,Arizona,USA,PHI,"6'1"" - 6'3"""
343,Jevon Carter,74.0,4.4,1.7,1.8,West Virginia,USA,MEM,"6'1"" - 6'3"""
344,Jimmer Fredette,74.0,3.7,1.2,1.3,Brigham Young,USA,PHX,"6'1"" - 6'3"""
345,Jimmy Butler,79.66666666666667,21.599999999999998,5.6000000000000005,4.8,Marquette,USA,CHI,"6'7"" - 6'9"""
346,Joakim Noah,83.0,4.6,5.5,1.6333333333333335,Florida,USA,MEM,"6'10"" - 7'"
347,Jodie Meeks,76.0,7.266666666666667,1.7333333333333334,1.0666666666666667,Kentucky,USA,TOR,"6'4"" - 6'6"""
348,Joe Chealey,75.0,2.0,0.0,1.0,College of Charleston,USA,CHA,"6'1"" - 6'3"""
349,Joe Harris,78.0,10.9,3.2999999999999994,1.6666666666666667,Virginia,USA,BKN,"6'4"" - 6'6"""
350,Joe Ingles,80.0,10.233333333333333,3.8000000000000003,4.3999999999999995,None,Australia,UTA,"6'7"" - 6'9"""
351,Joe Johnson,79.0,8.0,3.1,1.65,Arkansas,USA,UTA,"6'7"" - 6'9"""
352,Joe Young,74.0,3.0,0.85,0.6,Oregon,USA,IND,"6'1"" - 6'3"""
353,Joel Anthony,81.0,1.3,1.6,0.2,Nevada-Las Vegas,Canada,SAS,"6'7"" - 6'9"""
354,Joel Bolomboy,81.0,1.65,1.5499999999999998,0.1,Weber State,Ukraine,UTA,"6'7"" - 6'9"""
355,Joel Embiid,84.0,23.53333333333333,10.799999999999999,3.0,Kansas,Cameroon,PHI,"6'10"" - 7'"
356,Joffrey Lauvergne,83.0,4.75,3.35,0.85,None,France,SAS,"6'10"" - 7'"
357,John Collins,82.0,15.0,8.55,1.65,Wake Forest,USA,ATL,"6'10"" - 7'"
358,John Henson,83.0,7.066666666666666,5.666666666666667,1.1666666666666667,North Carolina,USA,CLE,"6'10"" - 7'"
359,John Holland,77.0,1.15,0.5,0.1,Boston U.,USA,CLE,"6'4"" - 6'6"""
360,John Jenkins,76.0,3.25,0.85,0.55,Vanderbilt,USA,PHX,"6'4"" - 6'6"""
361,John Lucas III,71.0,0.4,0.0,0.2,Oklahoma State,USA,MIN,<= 6ft
362,John Wall,76.0,21.066666666666666,3.8333333333333335,9.666666666666666,Kentucky,USA,WAS,"6'4"" - 6'6"""
363,Johnathan Motley,82.0,6.6499999999999995,3.4,0.55,Baylor,USA,LAC,"6'10"" - 7'"
364,Johnathan Williams,81.0,6.5,4.1,0.5,Gonzaga,USA,LAL,"6'7"" - 6'9"""
365,Johnny O'Bryant III,81.0,4.15,2.15,0.45,Louisiana State,USA,CHA,"6'7"" - 6'9"""
366,Jon Leuer,82.0,6.466666666666666,3.9333333333333336,0.7999999999999999,Wisconsin,USA,DET,"6'10"" - 7'"
367,Jonah Bolden,82.0,4.7,3.8,0.9,None,Australia,PHI,"6'10"" - 7'"
368,Jonas Jerebko,82.0,5.3,3.5666666666666664,0.9333333333333335,None,Sweden,BOS,"6'10"" - 7'"
369,Jonas Valanciunas,84.0,13.433333333333332,8.9,1.0666666666666667,None,Lithuania,TOR,"6'10"" - 7'"
370,Jonathan Gibson,74.0,7.35,1.05,1.25,New Mexico State,USA,DAL,"6'1"" - 6'3"""
371,Jonathan Isaac,82.0,7.5,4.6,0.9,Florida State,USA,ORL,"6'10"" - 7'"
372,Jonathon Simmons,78.0,8.866666666666667,2.6333333333333333,2.1333333333333333,Houston,USA,SAS,"6'4"" - 6'6"""
373,Jordan Bell,81.0,3.9499999999999997,3.1500000000000004,1.4500000000000002,Oregon,USA,GSW,"6'7"" - 6'9"""
374,Jordan Clarkson,77.0,15.133333333333335,3.0,2.566666666666667,Missouri,USA,CLE,"6'4"" - 6'6"""
375,Jordan Crawford,77.0,10.35,1.3,2.8,Xavier,USA,NOP,"6'4"" - 6'6"""
376,Jordan Farmar,74.0,6.0,1.5,4.5,UCLA,USA,SAC,"6'1"" - 6'3"""
377,Jordan Hill,82.0,1.7,2.0,0.0,Arizona,USA,MIN,"6'10"" - 7'"
378,Jordan Loyd,76.0,2.4,0.8,0.5,None,USA,TOR,"6'4"" - 6'6"""
379,Jordan McRae,77.0,5.15,1.3,0.8,Tennessee,USA,CLE,"6'4"" - 6'6"""
380,Jordan Mickey,80.0,2.75,2.45,0.35,Louisiana State,USA,MIA,"6'7"" - 6'9"""
381,Jordan Sibert,76.0,3.0,0.0,0.0,University of Dayton,USA,ATL,"6'4"" - 6'6"""
382,Jose Calderon,75.0,3.4,1.5,2.1666666666666665,None,Spain,DET,"6'1"" - 6'3"""
383,Josh Gray,73.0,6.4,2.0,2.4,None,USA,PHX,"6'1"" - 6'3"""
384,Josh Hart,77.0,7.85,3.95,1.35,Villanova,USA,LAL,"6'4"" - 6'6"""
385,Josh Huestis,79.0,4.65,3.4,0.9,Stanford,USA,OKC,"6'7"" - 6'9"""
386,Josh Jackson,80.0,12.3,4.5,1.9,Kansas,USA,PHX,"6'7"" - 6'9"""
387,Josh Magette,73.0,2.6,1.1,3.2,Alabama Huntsville,USA,ATL,"6'1"" - 6'3"""
388,Josh McRoberts,82.0,2.45,1.7,1.15,Duke,USA,DAL,"6'10"" - 7'"
389,Josh Okogie,76.0,7.7,2.9,1.2,Georgia Institute of Technology,Nigeria,MIN,"6'4"" - 6'6"""
390,Josh Richardson,78.0,13.233333333333334,3.4333333333333336,3.1999999999999997,Tennessee,USA,MIA,"6'4"" - 6'6"""
391,Josh Smith,81.0,0.7,1.3,0.0,None,USA,NOP,"6'7"" - 6'9"""
392,Jrue Holiday,76.0,18.533333333333335,4.466666666666667,7.0,UCLA,USA,NOP,"6'4"" - 6'6"""
393,Juancho Hernangomez,81.0,4.666666666666667,3.0,0.6,None,Spain,DEN,"6'7"" - 6'9"""
394,Julian Washburn,80.0,2.2,2.3,0.8,Texas-El Paso,USA,MEM,"6'7"" - 6'9"""
395,Julius Randle,81.0,16.9,8.433333333333332,3.1,Kentucky,USA,LAL,"6'7"" - 6'9"""
396,Julyan Stone,78.0,0.8,1.3,1.1,Texas-El Paso,USA,CHA,"6'4"" - 6'6"""
397,Justin Anderson,78.0,5.666666666666667,2.5,0.6999999999999998,Virginia,USA,PHI,"6'4"" - 6'6"""
398,Justin Hamilton,84.0,6.9,4.1,0.9,Louisiana State,USA,BKN,"6'10"" - 7'"
399,Justin Harper,82.0,4.0,1.7,0.7,Richmond,USA,PHI,"6'10"" - 7'"
400,Justin Holiday,78.0,10.133333333333333,3.5333333333333337,1.7000000000000002,Washington,USA,CHI,"6'4"" - 6'6"""
401,Justin Jackson,80.0,6.95,2.7,1.15,North Carolina,USA,SAC,"6'7"" - 6'9"""
402,Justin Patton,84.0,1.85,1.0,0.5,Creighton,USA,MIN,"6'10"" - 7'"
403,Justise Winslow,79.0,10.433333333333332,5.333333333333333,3.4,Duke,USA,MIA,"6'7"" - 6'9"""
404,Jusuf Nurkic,84.0,13.366666666666667,8.866666666666667,2.3000000000000003,None,Bosnia & Herzegovina,POR,"6'10"" - 7'"
405,KJ McDaniels,78.0,4.2,1.7,0.3,Clemson,USA,BKN,"6'4"" - 6'6"""
406,Kadeem Allen,75.0,5.5,1.6500000000000001,2.35,Arizona,USA,BOS,"6'1"" - 6'3"""
407,Kalin Lucas,73.0,2.0,3.0,1.0,Michigan State,USA,DET,"6'1"" - 6'3"""
408,Karl-Anthony Towns,84.0,23.600000000000005,12.333333333333334,2.8333333333333335,Kentucky,USA,MIN,"6'10"" - 7'"
409,Kawhi Leonard,79.0,22.766666666666666,5.933333333333334,3.033333333333333,San Diego State,USA,TOR,"6'7"" - 6'9"""
410,Kay Felder,69.0,3.8,1.05,1.35,None,USA,CLE,<= 6ft
411,Keita Bates-Diop,81.0,5.0,2.8,0.6,Ohio State,USA,MIN,"6'7"" - 6'9"""
412,Kelly Olynyk,84.0,10.166666666666666,5.066666666666666,2.1666666666666665,Gonzaga,Canada,BOS,"6'10"" - 7'"
413,Kelly Oubre Jr.,79.0,11.1,4.166666666666667,1.0,Kansas,USA,WAS,"6'7"" - 6'9"""
414,Kemba Walker,73.0,23.633333333333336,3.8000000000000003,5.666666666666667,Connecticut,USA,CHA,"6'1"" - 6'3"""
415,Kendrick Perkins,82.0,3.0,1.0,2.0,None,USA,CLE,"6'10"" - 7'"
416,Kenneth Faried,80.0,8.633333333333333,6.3999999999999995,0.6666666666666666,Morehead State,USA,DEN,"6'7"" - 6'9"""
417,Kenrich Williams,79.0,6.1,4.8,1.8,None,USA,NOP,"6'7"" - 6'9"""
418,Kent Bazemore,77.0,11.833333333333334,3.6333333333333333,2.733333333333333,Old Dominion,USA,ATL,"6'4"" - 6'6"""
419,Kentavious Caldwell-Pope,77.0,12.866666666666667,3.8000000000000003,2.0,Georgia,USA,LAL,"6'4"" - 6'6"""
420,Kevin Durant,81.0,25.833333333333332,7.166666666666667,5.366666666666667,Texas,USA,GSW,"6'7"" - 6'9"""
421,Kevin Huerter,79.0,9.7,3.3,2.9,Maryland,USA,ATL,"6'7"" - 6'9"""
422,Kevin Knox II,81.0,12.8,4.5,1.1,Kentucky,USA,NYK,"6'7"" - 6'9"""
423,Kevin Love,82.0,17.866666666666667,10.433333333333335,1.9333333333333336,UCLA,USA,CLE,"6'10"" - 7'"
424,Kevin Seraphin,82.0,4.7,2.9,0.5,Le Moyne,France,IND,"6'10"" - 7'"
425,Kevon Looney,81.0,4.266666666666667,3.6,0.8666666666666667,UCLA,USA,GSW,"6'7"" - 6'9"""
426,Khem Birch,81.0,4.5,4.05,0.8,UNLV,Canada,ORL,"6'7"" - 6'9"""
427,Khris Middleton,80.0,17.700000000000003,5.133333333333333,3.9000000000000004,Texas A&M,USA,MIL,"6'7"" - 6'9"""
428,Khyri Thomas,75.0,2.3,0.8,0.3,Creighton,USA,DET,"6'1"" - 6'3"""
429,Klay Thompson,79.0,21.266666666666666,3.766666666666667,2.3333333333333335,Washington State,USA,GSW,"6'7"" - 6'9"""
430,Kobi Simmons,76.0,3.05,0.8,1.05,Arizona,USA,MEM,"6'4"" - 6'6"""
431,Kosta Koufos,84.0,5.666666666666667,5.5,0.9333333333333332,Ohio State,USA,SAC,"6'10"" - 7'"
432,Kostas Antetokounmpo,82.0,1.0,0.5,0.0,University of Dayton,Greece,DAL,"6'10"" - 7'"
433,Kris Dunn,76.0,9.500000000000002,3.4999999999999996,4.8,Providence,USA,CHI,"6'4"" - 6'6"""
434,Kris Humphries,81.0,4.6,3.7,0.5,Minnesota,USA,ATL,"6'7"" - 6'9"""
435,Kristaps Porzingis,87.0,20.4,6.9,1.35,None,Latvia,NYK,> 7ft
436,Kyle Anderson,81.0,6.433333333333334,4.7,2.3333333333333335,UCLA,USA,MEM,"6'7"" - 6'9"""
437,Kyle Collinsworth,78.0,3.2,3.3,1.8,Brigham Young,USA,DAL,"6'4"" - 6'6"""
438,Kyle Korver,79.0,9.299999999999999,2.4666666666666663,1.3333333333333333,Creighton,USA,UTA,"6'7"" - 6'9"""
439,Kyle Kuzma,81.0,17.4,5.9,2.15,Utah,USA,LAL,"6'7"" - 6'9"""
440,Kyle Lowry,72.33333333333333,17.599999999999998,5.066666666666666,7.533333333333334,Villanova,USA,TOR,"6'1"" - 6'3"""
441,Kyle O'Quinn,82.0,5.633333333333333,4.766666666666667,1.5999999999999999,Norfolk State,USA,NYK,"6'10"" - 7'"
442,Kyle Singler,80.0,2.3499999999999996,1.15,0.25,Duke,USA,OKC,"6'7"" - 6'9"""
443,Kyle Wiltjer,82.0,0.9,0.7,0.1,Gonzaga,Canada,HOU,"6'10"" - 7'"
444,Kyrie Irving,75.0,24.466666666666665,4.0,5.933333333333333,Duke,Australia,BOS,"6'1"" - 6'3"""
445,LaMarcus Aldridge,83.0,20.566666666666666,8.333333333333334,2.1,Texas,USA,SAS,"6'10"" - 7'"
446,Lamar Patterson,77.0,1.8,1.4,1.2,Pittsburgh,USA,ATL,"6'4"" - 6'6"""
447,Lance Stephenson,77.66666666666667,7.733333333333333,3.766666666666667,2.766666666666666,Cincinnati,USA,IND,"6'4"" - 6'6"""
448,Lance Thomas,80.0,4.866666666666666,2.6666666666666665,0.6666666666666666,Duke,USA,NYK,"6'7"" - 6'9"""
449,Landry Shamet,77.0,9.1,1.7,1.5,Wichita State,USA,LAC,"6'4"" - 6'6"""
450,Langston Galloway,74.0,7.5,1.9333333333333336,1.1333333333333335,None,USA,DET,"6'1"" - 6'3"""
451,Larry Drew II,74.0,1.7,0.3,1.0,UCLA,USA,NOP,"6'1"" - 6'3"""
452,Larry Nance Jr.,81.0,8.4,6.966666666666666,1.9666666666666668,Wyoming,USA,LAL,"6'7"" - 6'9"""
453,Larry Sanders,83.0,0.8,0.8,0.0,Virginia Commonwealth,USA,CLE,"6'10"" - 7'"
454,Lauri Markkanen,84.0,16.95,8.25,1.2999999999999998,Arizona,Finland,CHI,"6'10"" - 7'"
455,Lavoy Allen,81.0,2.9,3.6,0.9,Temple,USA,IND,"6'7"" - 6'9"""
456,LeBron James,80.0,27.099999999999998,8.566666666666666,8.7,None,USA,CLE,"6'7"" - 6'9"""
457,Leandro Barbosa,75.0,6.3,1.6,1.2,None,Brazil,PHX,"6'1"" - 6'3"""
458,London Perrantes,74.0,0.5,0.3,0.4,Virginia,USA,SAS,"6'1"" - 6'3"""
459,Lonnie Walker IV,77.0,2.6,1.0,0.5,Miami,USA,SAS,"6'4"" - 6'6"""
460,Lonzo Ball,78.0,10.05,6.1,6.300000000000001,UCLA,USA,LAL,"6'4"" - 6'6"""
461,Lorenzo Brown,77.0,2.2,1.15,1.0,North Carolina State,USA,TOR,"6'4"" - 6'6"""
462,Lou Williams,73.0,20.033333333333335,2.6666666666666665,4.566666666666667,None,USA,HOU,"6'1"" - 6'3"""
463,Luc Mbah a Moute,80.0,6.2,2.3000000000000003,0.6333333333333333,California-Los Angeles,Cameroon,HOU,"6'7"" - 6'9"""
464,Lucas Nogueira,84.0,3.45,3.05,0.55,None,Brazil,TOR,"6'10"" - 7'"
465,Luis Montero,79.0,0.0,1.0,0.0,Westchester CC NY,Dominican Republic,DET,"6'7"" - 6'9"""
466,Luis Scola,81.0,5.1,3.9,1.0,None,Argentina,BKN,"6'7"" - 6'9"""
467,Luka Doncic,79.0,21.2,7.8,6.0,None,Slovenia,DAL,"6'7"" - 6'9"""
468,Luke Babbitt,81.0,5.0,2.0,0.55,Nevada,USA,MIA,"6'7"" - 6'9"""
469,Luke Kennard,77.0,8.649999999999999,2.65,1.75,Duke,USA,DET,"6'4"" - 6'6"""
470,Luke Kornet,85.0,6.85,3.05,1.25,Vanderbilt,USA,NYK,> 7ft
471,Luol Deng,81.0,5.566666666666666,2.8666666666666667,1.0333333333333334,Duke,United Kingdom,LAL,"6'7"" - 6'9"""
472,Malachi Richardson,78.0,2.8000000000000003,0.9666666666666667,0.3333333333333333,Syracuse,USA,TOR,"6'4"" - 6'6"""
473,Malcolm Brogdon,77.0,12.933333333333332,3.533333333333333,3.5333333333333337,Virginia,USA,MIL,"6'4"" - 6'6"""
474,Malcolm Delaney,75.0,5.85,1.7999999999999998,2.8,Virginia Tech,USA,ATL,"6'1"" - 6'3"""
475,Malcolm Miller,79.0,3.0,0.75,0.15000000000000002,Holy Cross,USA,TOR,"6'7"" - 6'9"""
476,Malik Beasley,77.0,6.1000000000000005,1.4666666666666668,0.7333333333333334,Florida State,USA,DEN,"6'4"" - 6'6"""
477,Malik Monk,75.0,7.800000000000001,1.45,1.5,Kentucky,USA,CHA,"6'1"" - 6'3"""
478,Mangok Mathiang,82.0,2.0,2.5,0.0,Louisville,Australia,CHA,"6'10"" - 7'"
479,Manny Harris,77.0,2.0,2.3,0.5,Michigan,USA,DAL,"6'4"" - 6'6"""
480,Manu Ginobili,78.0,8.2,2.25,2.6,None,Argentina,SAS,"6'4"" - 6'6"""
481,MarShon Brooks,77.0,13.350000000000001,2.3,2.25,Providence,USA,MEM,"6'4"" - 6'6"""
482,Marc Gasol,85.0,16.766666666666666,7.433333333333334,4.4,None,Spain,TOR,> 7ft
483,Marcelo Huertas,75.0,2.7,1.0,2.3,None,Brazil,LAL,"6'1"" - 6'3"""
484,Marcin Gortat,83.0,8.066666666666668,7.866666666666667,1.5666666666666667,None,Poland,LAC,"6'10"" - 7'"
485,Marco Belinelli,77.0,11.033333333333333,2.2666666666666666,1.8666666666666665,None,Italy,CHA,"6'4"" - 6'6"""
486,Marcus Derrickson,79.0,4.2,1.2,0.1,None,USA,GSW,"6'7"" - 6'9"""
487,Marcus Georges-Hunt,77.5,2.0999999999999996,1.1,0.4,Georgia Tech,USA,ORL,"6'4"" - 6'6"""
488,Marcus Morris,81.0,14.0,4.6,2.0,Kansas,USA,DET,"6'7"" - 6'9"""
489,Marcus Morris Sr.,81.0,13.75,5.75,1.4,Kansas,USA,BOS,"6'7"" - 6'9"""
490,Marcus Paige,72.0,2.4,0.8,0.6,North Carolina,USA,CHA,<= 6ft
491,Marcus Smart,76.0,9.899999999999999,3.4333333333333336,4.466666666666666,Oklahoma State,USA,BOS,"6'4"" - 6'6"""
492,Marcus Thornton,76.0,6.6,2.3,1.2,Louisiana State,USA,WAS,"6'4"" - 6'6"""
493,Mario Chalmers,74.0,7.7,2.4,3.0,Kansas,USA,MEM,"6'1"" - 6'3"""
494,Mario Hezonja,80.0,7.766666666666666,3.3333333333333335,1.3,None,Croatia,NYK,"6'7"" - 6'9"""
495,Markel Brown,75.0,1.3,1.3,0.5,Oklahoma State,USA,HOU,"6'1"" - 6'3"""
496,Markelle Fultz,76.0,7.6499999999999995,3.4000000000000004,3.45,Washington,USA,PHI,"6'4"" - 6'6"""
497,Markieff Morris,82.0,11.633333333333333,5.566666666666666,1.6666666666666667,Kansas,USA,WAS,"6'10"" - 7'"
498,Marquese Chriss,82.0,7.033333333333334,4.333333333333333,0.7999999999999999,Washington,USA,CLE,"6'10"" - 7'"
499,Marquis Teague,74.0,3.7,2.0,4.3,Kentucky,USA,MEM,"6'1"" - 6'3"""
500,Marreese Speights,82.0,8.2,3.55,0.8,Florida,USA,ORL,"6'10"" - 7'"
501,Marshall Plumlee,84.0,1.85,2.25,0.4,Duke,USA,MIL,"6'10"" - 7'"
502,Marvin Bagley III,83.0,14.9,7.6,1.0,Duke,USA,SAC,"6'10"" - 7'"
503,Marvin Williams,81.0,10.266666666666666,5.566666666666667,1.2666666666666666,North Carolina,USA,CHA,"6'7"" - 6'9"""
504,Mason Plumlee,83.0,8.433333333333332,6.433333333333334,2.8000000000000003,Duke,USA,DEN,"6'10"" - 7'"
505,Matt Barnes,79.0,7.1,5.2,2.6,UCLA,USA,GSW,"6'7"" - 6'9"""
506,Matt Costello,82.0,1.0,2.3,0.5,Michigan State,USA,SAS,"6'10"" - 7'"
507,Matt Williams Jr.,77.0,1.7,0.3,0.0,Central Florida,USA,MIA,"6'4"" - 6'6"""
508,Matthew Dellavedova,76.0,5.933333333333333,1.7333333333333332,4.1000000000000005,Saint Mary's (CA),Australia,MIL,"6'4"" - 6'6"""
509,Maurice Harkless,81.0,8.066666666666666,3.866666666666667,1.0666666666666667,"St. John's, N.Y.",USA,POR,"6'7"" - 6'9"""
510,Maurice Ndour,81.0,3.1,2.0,0.3,Ohio U.,Senegal,NYK,"6'7"" - 6'9"""
511,Maxi Kleber,83.0,6.1,3.9499999999999997,0.85,None,Germany,DAL,"6'10"" - 7'"
512,Melvin Frazier Jr.,78.0,1.5,0.5,0.1,Tulane,USA,ORL,"6'4"" - 6'6"""
513,Metta World Peace,79.0,2.3,0.8,0.4,St. John's (NY),USA,LAL,"6'7"" - 6'9"""
514,Meyers Leonard,85.0,4.9,3.0333333333333337,0.9,Illinois,USA,POR,> 7ft
515,Michael Beasley,81.33333333333333,9.866666666666665,3.766666666666666,1.2,Kansas State,USA,MIL,"6'10"" - 7'"
516,Michael Carter-Williams,78.0,5.333333333333333,2.8666666666666667,2.4,Syracuse,USA,ORL,"6'4"" - 6'6"""
517,Michael Gbinije,79.0,0.4,0.3,0.2,Syracuse,USA,DET,"6'7"" - 6'9"""
518,Michael Kidd-Gilchrist,79.0,8.366666666666665,4.966666666666666,1.1333333333333333,Kentucky,USA,CHA,"6'7"" - 6'9"""
519,Mikal Bridges,79.0,8.3,3.2,2.1,Villanova,USA,PHX,"6'7"" - 6'9"""
520,Mike Conley,73.0,19.566666666666666,3.0666666666666664,5.6000000000000005,Ohio State,USA,MEM,"6'1"" - 6'3"""
521,Mike Dunleavy,81.0,5.2,2.2,0.9,Duke,USA,ATL,"6'7"" - 6'9"""
522,Mike James,73.0,9.3,2.5,3.5,Lamar,USA,PHX,"6'1"" - 6'3"""
523,Mike Miller,80.0,1.4,1.9,1.1,Florida,USA,DEN,"6'7"" - 6'9"""
524,Mike Muscala,83.0,6.933333333333334,3.8333333333333335,1.2,Bucknell,USA,ATL,"6'10"" - 7'"
525,Mike Scott,80.0,5.7,2.966666666666667,0.9333333333333335,Virginia,USA,WAS,"6'7"" - 6'9"""
526,Mike Tobey,84.0,1.0,1.5,0.5,Virginia,USA,CHA,"6'10"" - 7'"
527,Miles Bridges,79.0,7.5,4.0,1.2,Michigan State,USA,CHA,"6'7"" - 6'9"""
528,Miles Plumlee,83.0,3.733333333333333,2.8000000000000003,0.7333333333333334,Duke,USA,CHA,"6'10"" - 7'"
529,Milos Teodosic,77.0,6.35,1.95,3.3499999999999996,None,Serbia,LAC,"6'4"" - 6'6"""
530,Milton Doyle,76.0,3.4,1.8,1.0,Loyola (IL),USA,BKN,"6'4"" - 6'6"""
531,Mindaugas Kuzminskas,81.0,3.15,0.95,0.5,None,Lithuania,NYK,"6'7"" - 6'9"""
532,Mirza Teletovic,81.0,6.75,2.3,0.85,None,Bosnia and Herzegovina,MIL,"6'7"" - 6'9"""
533,Mitchell Creek,78.0,4.2,2.4,1.2,None,Australia,MIN,"6'4"" - 6'6"""
534,Mitchell Robinson,85.0,7.3,6.4,0.6,None,USA,NYK,> 7ft
535,Mo Bamba,84.0,6.2,5.0,0.8,University of Texas at Austin,USA,ORL,"6'10"" - 7'"
536,Monta Ellis,75.0,8.5,2.8,3.2,None,USA,IND,"6'1"" - 6'3"""
537,Monte Morris,75.0,6.85,1.5499999999999998,2.95,Iowa State,USA,DEN,"6'1"" - 6'3"""
538,Montrezl Harrell,80.0,12.233333333333334,4.766666666666667,1.3666666666666665,Louisville,USA,LAC,"6'7"" - 6'9"""
539,Moritz Wagner,83.0,4.8,2.0,0.6,Michigan,Germany,LAL,"6'10"" - 7'"
540,Myke Henry,78.0,5.4,1.9,1.1,None,USA,MEM,"6'4"" - 6'6"""
541,Myles Turner,83.0,13.5,6.966666666666666,1.4000000000000001,Texas,USA,IND,"6'10"" - 7'"
542,Nate Wolters,76.0,0.4,0.4,0.2,South Dakota State,USA,UTA,"6'4"" - 6'6"""
543,Naz Mitrou-Long,76.0,2.05,0.2,0.55,Iowa State,Canada,UTA,"6'4"" - 6'6"""
544,Nemanja Bjelica,82.0,7.533333333333334,4.566666666666666,1.4666666666666668,None,Serbia,MIN,"6'10"" - 7'"
545,Nene,83.0,6.3999999999999995,3.5,0.8333333333333334,None,Brazil,HOU,"6'10"" - 7'"
546,Nerlens Noel,83.0,6.0,5.199999999999999,0.7666666666666666,Kentucky,USA,DAL,"6'10"" - 7'"
547,Nick Collison,82.0,1.9,1.4500000000000002,0.44999999999999996,Kansas,USA,OKC,"6'10"" - 7'"
548,Nick Young,79.0,7.6000000000000005,1.4000000000000001,0.6666666666666666,USC,USA,GSW,"6'7"" - 6'9"""
549,Nicolas Batum,80.0,12.0,5.3999999999999995,4.9,None,France,CHA,"6'7"" - 6'9"""
550,Nicolas Brussino,80.0,1.4,1.3,0.45,None,Argentina,ATL,"6'7"" - 6'9"""
551,Nicolas Laprovittola,76.0,3.3,0.6,1.6,None,Argentina,SAS,"6'4"" - 6'6"""
552,Nigel Hayes,79.0,3.0,2.4,0.7,Wisconsin,USA,SAC,"6'7"" - 6'9"""
553,Nik Stauskas,78.0,6.6000000000000005,2.1,1.5333333333333332,Michigan,Canada,PHI,"6'4"" - 6'6"""
554,Nikola Jokic,82.66666666666667,18.433333333333334,10.433333333333334,6.1000000000000005,None,Serbia,DEN,"6'10"" - 7'"
555,Nikola Mirotic,82.0,13.799999999999999,6.766666666666667,1.2666666666666666,None,Montenegro,CHI,"6'10"" - 7'"
556,Nikola Vucevic,84.0,17.3,10.533333333333333,3.3333333333333335,USC,Montenegro,ORL,"6'10"" - 7'"
557,Noah Vonleh,81.0,5.900000000000001,6.266666666666667,0.9666666666666667,Indiana,USA,NYK,"6'7"" - 6'9"""
558,Norman Powell,76.0,7.5,2.066666666666667,1.3,UCLA,USA,TOR,"6'4"" - 6'6"""
559,Norris Cole,74.0,3.3,0.8,1.1,Cleveland State,USA,OKC,"6'1"" - 6'3"""
560,OG Anunoby,80.0,6.45,2.7,0.7,Indiana,United Kingdom,TOR,"6'7"" - 6'9"""
561,Okaro White,80.0,2.033333333333333,1.5999999999999999,0.3,Florida State,USA,CLE,"6'7"" - 6'9"""
562,Omari Johnson,81.0,5.5,2.8,1.8,Oregon State,Jamaica,MEM,"6'7"" - 6'9"""
563,Omari Spellman,81.0,5.9,4.2,1.0,Villanova,USA,ATL,"6'7"" - 6'9"""
564,Omer Asik,84.0,1.9500000000000002,3.95,0.35,None,Turkey,CHI,"6'10"" - 7'"
565,Omri Casspi,81.0,5.733333333333333,3.366666666666667,0.9,None,Israel,MIN,"6'7"" - 6'9"""
566,Otto Porter Jr.,80.0,14.0,6.133333333333333,1.8666666666666665,Georgetown,USA,WAS,"6'7"" - 6'9"""
567,P.J. Tucker,78.0,6.699999999999999,5.699999999999999,1.05,Texas,USA,HOU,"6'4"" - 6'6"""
568,PJ Dozier,78.0,2.1,1.65,0.4,South Carolina,USA,BOS,"6'4"" - 6'6"""
569,PJ Tucker,78.0,6.7,5.8,1.2,Texas,USA,TOR,"6'4"" - 6'6"""
570,Pascal Siakam,81.0,9.466666666666667,4.933333333333334,1.8,New Mexico State,Cameroon,TOR,"6'7"" - 6'9"""
571,Pat Connaughton,76.66666666666667,4.933333333333334,2.5,1.2666666666666666,Notre Dame,USA,MIL,"6'4"" - 6'6"""
572,Patricio Garino,78.0,0.0,1.4,0.0,George Washington,Argentina,ORL,"6'4"" - 6'6"""
573,Patrick Beverley,73.0,9.766666666666666,5.0,3.633333333333333,None,USA,LAC,"6'1"" - 6'3"""
574,Patrick McCaw,79.0,3.533333333333333,1.5,1.1666666666666667,Nevada-Las Vegas,USA,GSW,"6'7"" - 6'9"""
575,Patrick Patterson,81.0,4.766666666666667,3.0666666666666664,0.7999999999999999,Kentucky,USA,OKC,"6'7"" - 6'9"""
576,Patty Mills,72.0,9.799999999999999,1.9666666666666668,3.1,St. Mary's (CA),Australia,SAS,<= 6ft
577,Pau Gasol,84.0,8.799999999999999,6.8,2.3666666666666667,None,Spain,SAS,"6'10"" - 7'"
578,Paul George,81.0,24.53333333333333,6.833333333333333,3.5666666666666664,Fresno State,USA,OKC,"6'7"" - 6'9"""
579,Paul Millsap,80.0,15.100000000000001,7.1000000000000005,2.8333333333333335,Louisiana Tech,USA,DEN,"6'7"" - 6'9"""
580,Paul Pierce,79.0,3.2,1.9,0.4,Kansas,USA,LAC,"6'7"" - 6'9"""
581,Paul Zipser,80.0,4.75,2.5999999999999996,0.8500000000000001,None,Germany,CHI,"6'7"" - 6'9"""
582,Pierre Jackson,70.0,4.4,1.1,2.4,Baylor,USA,DAL,<= 6ft
583,Quincy Acy,79.0,4.466666666666667,3.0666666666666664,0.7000000000000001,Baylor,USA,BKN,"6'7"" - 6'9"""
584,Quincy Pondexter,79.0,1.9,1.05,0.45,Washington,USA,SAS,"6'7"" - 6'9"""
585,Quinn Cook,74.0,7.333333333333333,1.7,2.066666666666667,Duke,USA,GSW,"6'1"" - 6'3"""
586,RJ Hunter,77.0,6.933333333333334,1.4333333333333333,1.2,Georgia State,USA,BOS,"6'4"" - 6'6"""
587,Rajon Rondo,73.0,8.433333333333334,4.8,7.633333333333333,Kentucky,USA,CHI,"6'1"" - 6'3"""
588,Rakeem Christmas,81.0,2.0,1.9,0.1,Syracuse,USA,IND,"6'7"" - 6'9"""
589,Ramon Sessions,75.0,5.550000000000001,1.45,2.7,Nevada-Reno,USA,WAS,"6'1"" - 6'3"""
590,Randy Foye,76.0,5.2,2.2,2.0,Villanova,USA,BKN,"6'4"" - 6'6"""
591,Rashad Vaughn,78.0,2.9,1.0,0.55,Nevada-Las Vegas,USA,MIL,"6'4"" - 6'6"""
592,Raul Neto,73.0,4.1000000000000005,1.2333333333333334,1.7333333333333334,None,Brazil,UTA,"6'1"" - 6'3"""
593,Rawle Alkins,77.0,3.7,2.6,1.3,None,USA,CHI,"6'4"" - 6'6"""
594,Ray Spalding,82.0,3.9,3.4,0.4,Louisville,USA,PHX,"6'10"" - 7'"
595,Raymond Felton,73.0,5.966666666666666,1.8666666666666665,2.1666666666666665,North Carolina,USA,LAC,"6'1"" - 6'3"""
596,Reggie Bullock,79.0,9.033333333333333,2.433333333333333,1.4666666666666668,North Carolina,USA,DET,"6'7"" - 6'9"""
597,Reggie Hearn,77.0,1.0,0.0,0.0,Northwestern,USA,DET,"6'4"" - 6'6"""
598,Reggie Jackson,75.0,14.833333333333334,2.533333333333333,4.8999999999999995,Boston College,USA,DET,"6'1"" - 6'3"""
599,Reggie Williams,79.13385826771653,4.5,1.0,0.7,Virginia Military Institute,USA,NOP,"6'7"" - 6'9"""
600,Richard Jefferson,79.0,3.6,1.75,0.9,Arizona,USA,DEN,"6'7"" - 6'9"""
601,Richaun Holmes,82.0,8.166666666666666,4.866666666666666,1.0666666666666667,Bowling Green,USA,PHX,"6'10"" - 7'"
602,Ricky Rubio,76.0,12.299999999999999,4.1,6.833333333333333,None,Spain,UTA,"6'4"" - 6'6"""
603,Robert Covington,81.0,12.933333333333335,5.8,1.5999999999999999,Tennessee State,USA,MIN,"6'7"" - 6'9"""
604,Robert Williams III,82.0,2.5,2.5,0.2,Texas A&M,USA,BOS,"6'10"" - 7'"
605,Robin Lopez,84.0,10.566666666666666,4.933333333333334,1.3666666666666665,Stanford,USA,CHI,"6'10"" - 7'"
606,Rodions Kurucs,81.0,8.5,3.9,0.8,None,Latvia,BKN,"6'7"" - 6'9"""
607,Rodney Hood,80.0,12.866666666666665,2.8000000000000003,1.6666666666666667,Duke,USA,CLE,"6'7"" - 6'9"""
608,Rodney McGruder,76.0,6.366666666666667,2.9,1.4000000000000001,Kansas State,USA,MIA,"6'4"" - 6'6"""
609,Rodney Purvis,76.0,6.0,1.7,1.1,Connecticut,USA,ORL,"6'4"" - 6'6"""
610,Rodney Stuckey,77.0,7.2,2.2,2.2,Eastern Washington,USA,IND,"6'4"" - 6'6"""
611,Ron Baker,76.0,2.4666666666666663,1.2,1.5666666666666667,Wichita State,USA,NYK,"6'4"" - 6'6"""
612,Rondae Hollis-Jefferson,79.0,10.5,5.966666666666666,2.033333333333333,Arizona,USA,BKN,"6'7"" - 6'9"""
613,Ronnie Price,74.0,1.0,0.8,1.3,Utah Valley,USA,PHX,"6'1"" - 6'3"""
614,Roy Hibbert,86.0,4.6,3.2,0.4,Georgetown,USA,DEN,> 7ft
615,Royce O'Neale,78.0,5.1,3.45,1.45,Baylor,USA,UTA,"6'4"" - 6'6"""
616,Rudy Gay,80.0,14.633333333333333,6.066666666666666,2.233333333333333,Connecticut,USA,SAC,"6'7"" - 6'9"""
617,Rudy Gobert,85.0,14.466666666666667,12.133333333333333,1.5333333333333332,None,France,UTA,> 7ft
618,Russell Westbrook,75.0,26.633333333333336,10.633333333333333,10.466666666666667,UCLA,USA,OKC,"6'1"" - 6'3"""
619,Ryan Anderson,82.0,8.466666666666667,3.9333333333333336,0.8666666666666667,California,USA,HOU,"6'10"" - 7'"
620,Ryan Arcidiacono,75.0,4.35,1.85,2.4,Villanova,USA,CHI,"6'1"" - 6'3"""
621,Ryan Broekhoff,79.0,4.0,1.5,0.5,None,Australia,DAL,"6'7"" - 6'9"""
622,Ryan Kelly,83.0,1.6,1.1,0.5,Duke,USA,ATL,"6'10"" - 7'"
623,Salah Mejri,86.0,3.4333333333333336,3.9333333333333336,0.6,None,Tunisia,DAL,> 7ft
624,Sam Dekker,81.0,5.6000000000000005,3.066666666666667,0.8333333333333334,Wisconsin,USA,WAS,"6'7"" - 6'9"""
625,Sasha Vujacic,79.0,3.0,1.4,1.2,None,Slovenia,NYK,"6'7"" - 6'9"""
626,Scott Machado,73.0,2.5,0.0,0.8,Iona,USA,LAL,"6'1"" - 6'3"""
627,Scotty Hopson,79.0,1.0,0.0,1.0,Tennessee,USA,DAL,"6'7"" - 6'9"""
628,Sean Kilpatrick,76.0,9.7,2.85,1.55,Cincinnati,USA,BKN,"6'4"" - 6'6"""
629,Semaj Christon,75.0,2.9,1.4,2.0,Xavier,USA,OKC,"6'1"" - 6'3"""
630,Semi Ojeleye,79.0,3.0,1.85,0.35,Southern Methodist,USA,BOS,"6'7"" - 6'9"""
631,Serge Ibaka,82.0,14.133333333333335,7.066666666666666,1.0,None,Democratic Republic of the Congo,TOR,"6'10"" - 7'"
632,Sergio Rodriguez,75.0,7.8,2.3,5.1,None,Spain,PHI,"6'1"" - 6'3"""
633,Seth Curry,74.0,10.350000000000001,2.1,1.8,Duke,USA,DAL,"6'1"" - 6'3"""
634,Shabazz Muhammad,78.0,7.45,2.3,0.35,UCLA,USA,MIN,"6'4"" - 6'6"""
635,Shabazz Napier,73.0,7.400000000000001,1.7666666666666666,1.9666666666666666,Connecticut,USA,BKN,"6'1"" - 6'3"""
636,Shai Gilgeous-Alexander,78.0,10.8,2.8,3.3,Kentucky,Canada,LAC,"6'4"" - 6'6"""
637,Shake Milton,78.0,4.4,1.8,0.9,Southern Methodist,USA,PHI,"6'4"" - 6'6"""
638,Shane Larkin,71.0,4.3,1.7,1.8,Miami,USA,BOS,<= 6ft
639,Shaquille Harrison,76.0,6.55,2.85,2.15,Tulsa,USA,CHI,"6'4"" - 6'6"""
640,Shaun Livingston,79.0,4.866666666666666,1.8666666666666665,1.8666666666666665,None,USA,GSW,"6'7"" - 6'9"""
641,Shawn Long,81.0,8.2,4.7,0.7,Louisiana-Lafayette,USA,PHI,"6'7"" - 6'9"""
642,Sheldon Mac,78.0,3.0,1.1,0.5,Miami (Fla.),USA,WAS,"6'4"" - 6'6"""
643,Shelvin Mack,75.0,7.3999999999999995,2.1666666666666665,3.2999999999999994,Butler,USA,UTA,"6'1"" - 6'3"""
644,Sindarius Thornwell,77.0,2.45,1.2999999999999998,0.6,South Carolina,USA,LAC,"6'4"" - 6'6"""
645,Skal Labissiere,83.0,6.833333333333333,3.9,0.8333333333333334,Kentucky,Haiti,SAC,"6'10"" - 7'"
646,Solomon Hill,79.0,4.566666666666666,3.266666666666667,1.6333333333333335,Arizona,USA,NOP,"6'7"" - 6'9"""
647,Spencer Dinwiddie,78.0,12.233333333333333,2.7999999999999994,4.766666666666667,Colorado,USA,BKN,"6'4"" - 6'6"""
648,Spencer Hawes,85.0,6.2,3.5,1.5,Washington,USA,MIL,> 7ft
649,Stanley Johnson,79.0,6.666666666666667,3.1666666666666665,1.4333333333333333,Arizona,USA,DET,"6'7"" - 6'9"""
650,Stephen Curry,75.0,26.333333333333332,4.966666666666666,5.966666666666666,Davidson,USA,GSW,"6'1"" - 6'3"""
651,Stephen Zimmerman,84.0,1.2,1.8,0.2,Nevada-Las Vegas,USA,ORL,"6'10"" - 7'"
652,Sterling Brown,78.0,5.2,2.9000000000000004,0.95,Southern Methodist,USA,MIL,"6'4"" - 6'6"""
653,Steve Novak,82.0,0.6,0.4,0.0,Marquette,USA,MIL,"6'10"" - 7'"
654,Steven Adams,84.0,13.033333333333333,8.733333333333333,1.3,Pittsburgh,New Zealand,OKC,"6'10"" - 7'"
655,Svi Mykhailiuk,80.0,3.2,0.9,0.9,Kansas,Ukraine,DET,"6'7"" - 6'9"""
656,T.J. McConnell,74.0,6.533333333333334,2.7999999999999994,4.666666666666667,Arizona,USA,PHI,"6'1"" - 6'3"""
657,T.J. Warren,80.0,18.8,4.55,1.4,North Carolina State,USA,PHX,"6'7"" - 6'9"""
658,TJ Leaf,82.0,3.4,1.85,0.30000000000000004,UCLA,USA,IND,"6'10"" - 7'"
659,TJ Warren,80.0,14.4,5.1,1.1,North Carolina State,USA,PHX,"6'7"" - 6'9"""
660,Tahjere McCall,77.0,4.0,1.0,0.0,Tennessee State,USA,BKN,"6'4"" - 6'6"""
661,Taj Gibson,81.0,11.266666666666666,6.6000000000000005,1.0999999999999999,USC,USA,MIN,"6'7"" - 6'9"""
662,Tarik Black,81.0,4.6,4.15,0.44999999999999996,Kansas,USA,LAL,"6'7"" - 6'9"""
663,Taurean Prince,80.0,11.100000000000001,3.6666666666666665,1.866666666666667,Baylor,USA,ATL,"6'7"" - 6'9"""
664,Terrance Ferguson,79.0,5.0,1.35,0.65,None,USA,OKC,"6'7"" - 6'9"""
665,Terrence Jones,81.0,5.9,3.85,0.55,Kentucky,USA,MIL,"6'7"" - 6'9"""
666,Terrence Ross,79.0,11.6,3.033333333333333,1.4666666666666668,Washington,USA,ORL,"6'7"" - 6'9"""
667,Terry Rozier,73.66666666666667,8.6,3.9000000000000004,2.533333333333333,Louisville,USA,BOS,"6'1"" - 6'3"""
668,Thabo Sefolosha,79.0,6.3999999999999995,3.7000000000000006,1.0333333333333332,None,Switzerland,UTA,"6'7"" - 6'9"""
669,Thaddeus Young,80.0,11.800000000000002,6.3,2.0,Georgia Tech,USA,IND,"6'7"" - 6'9"""
670,Theo Pinson,78.0,4.5,2.0,1.2,None,USA,BKN,"6'4"" - 6'6"""
671,Thomas Bryant,82.5,6.0,3.7,0.8500000000000001,Indiana,USA,WAS,"6'10"" - 7'"
672,Thomas Robinson,82.0,5.0,4.6,0.6,Kansas,USA,LAL,"6'10"" - 7'"
673,Thomas Welsh,84.0,1.6,0.4,0.5,UCLA,USA,DEN,"6'10"" - 7'"
674,Thon Maker,85.0,4.6000000000000005,2.733333333333333,0.5666666666666667,None,South Sudan,MIL,> 7ft
675,Tiago Splitter,83.0,4.9,2.8,0.5,None,Brazil,PHI,"6'10"" - 7'"
676,Tim Frazier,73.0,5.133333333333333,2.466666666666667,4.233333333333333,None,USA,NOP,"6'1"" - 6'3"""
677,Tim Hardaway Jr.,78.0,16.7,3.3666666666666667,2.466666666666667,Michigan,USA,ATL,"6'4"" - 6'6"""
678,Tim Quarterman,78.0,1.6,0.95,0.5,Louisiana State,USA,HOU,"6'4"" - 6'6"""
679,Timofey Mozgov,85.0,5.800000000000001,4.050000000000001,0.6000000000000001,None,Russia,LAL,> 7ft
680,Timothe Luwawu-Cabarrot,78.0,5.599999999999999,1.8333333333333333,0.8666666666666667,None,France,CHI,"6'4"" - 6'6"""
681,Tobias Harris,81.0,18.233333333333334,6.166666666666667,2.3,Tennessee,USA,PHI,"6'7"" - 6'9"""
682,Tomas Satoransky,79.0,6.266666666666667,2.733333333333333,3.5,None,Czech Republic,WAS,"6'7"" - 6'9"""
683,Toney Douglas,74.0,4.9,2.5,2.3,Florida State,USA,MEM,"6'1"" - 6'3"""
684,Tony Allen,76.0,6.9,3.8,0.8999999999999999,Oklahoma State,USA,MEM,"6'4"" - 6'6"""
685,Tony Bradley,82.0,3.3000000000000003,3.1,0.2,North Carolina,USA,UTA,"6'10"" - 7'"
686,Tony Parker,74.0,9.1,1.6666666666666667,3.9,None,France,SAS,"6'1"" - 6'3"""
687,Tony Snell,79.0,7.133333333333333,2.3666666666666667,1.1333333333333335, ,USA,MIL,"6'7"" - 6'9"""
688,Torrey Craig,78.5,4.95,3.4,0.8,South Carolina Upstate,USA,DEN,"6'7"" - 6'9"""
689,Trae Young,74.0,19.1,3.7,8.1,Oklahoma,USA,ATL,"6'1"" - 6'3"""
690,Travis Wear,82.0,4.4,2.2,0.4,UCLA,USA,LAL,"6'10"" - 7'"
691,Treveon Graham,77.33333333333333,3.9,1.9333333333333336,0.7000000000000001,Virginia Commonwealth,USA,CHA,"6'4"" - 6'6"""
692,Trevon Duval,74.0,1.7,0.3,0.7,None,USA,HOU,"6'1"" - 6'3"""
693,Trevor Ariza,80.0,11.966666666666667,5.166666666666667,2.5,UCLA,USA,WAS,"6'7"" - 6'9"""
694,Trevor Booker,80.0,8.15,6.35,1.5499999999999998,Clemson,USA,IND,"6'7"" - 6'9"""
695,Trey Burke,73.0,9.566666666666668,1.5,3.0666666666666664,Michigan,USA,WAS,"6'1"" - 6'3"""
696,Trey Lyles,82.0,8.200000000000001,3.9666666666666663,1.2,Kentucky,USA,UTA,"6'10"" - 7'"
697,Trey McKinney-Jones,77.0,0.0,0.0,0.0,Miami (FL),USA,IND,"6'4"" - 6'6"""
698,Tristan Thompson,81.33333333333333,8.266666666666667,8.666666666666666,1.2,Texas,Canada,CLE,"6'10"" - 7'"
699,Troy Brown Jr.,79.0,4.8,2.8,1.5,Oregon,USA,WAS,"6'7"" - 6'9"""
700,Troy Caupain,76.0,2.5,0.8,1.0,Cincinnati,USA,ORL,"6'4"" - 6'6"""
701,Troy Daniels,76.0,7.766666666666667,1.5,0.6,Virginia Commonwealth,USA,MEM,"6'4"" - 6'6"""
702,Troy Williams,79.0,5.933333333333334,2.6999999999999997,0.7000000000000001,Indiana,USA,SAC,"6'7"" - 6'9"""
703,Ty Lawson,71.0,9.9,2.6,4.8,North Carolina,USA,SAC,<= 6ft
704,Tyler Cavanaugh,81.0,2.75,2.0,0.39999999999999997,George Washington,USA,UTA,"6'7"" - 6'9"""
705,Tyler Davis,82.0,0.0,1.0,0.0,None,USA,OKC,"6'10"" - 7'"
706,Tyler Dorsey,77.0,6.7,2.3499999999999996,1.2999999999999998,Oregon,USA,ATL,"6'4"" - 6'6"""
707,Tyler Ennis,75.0,4.199999999999999,1.3,1.75,Syracuse,Canada,LAL,"6'1"" - 6'3"""
708,Tyler Johnson,76.0,12.1,3.466666666666667,2.8000000000000003,Fresno State,USA,MIA,"6'4"" - 6'6"""
709,Tyler Lydon,81.5,0.45,0.35,0.1,Syracuse,USA,DEN,"6'10"" - 7'"
710,Tyler Ulis,70.0,5.033333333333333,1.1333333333333335,2.7000000000000006,Kentucky,USA,PHX,<= 6ft
711,Tyler Zeller,84.0,5.966666666666666,3.6666666666666665,0.7333333333333334,North Carolina,USA,BOS,"6'10"" - 7'"
712,Tyreke Evans,78.0,13.299999999999999,3.8000000000000003,3.566666666666667,Memphis,USA,SAC,"6'4"" - 6'6"""
713,Tyrone Wallace,77.0,6.6,2.55,1.5499999999999998,California,USA,LAC,"6'4"" - 6'6"""
714,Tyson Chandler,85.0,6.0,8.733333333333334,0.8333333333333334,None,USA,PHX,> 7ft
715,Tyus Jones,74.0,5.166666666666667,1.5666666666666667,3.4,Duke,USA,MIN,"6'1"" - 6'3"""
716,Udonis Haslem,80.0,1.6666666666666667,1.9000000000000001,0.3333333333333333,Florida,USA,MIA,"6'7"" - 6'9"""
717,Vander Blue,77.0,0.6,0.2,0.6,Marquette,USA,LAL,"6'4"" - 6'6"""
718,Victor Oladipo,76.0,19.26666666666667,5.033333333333334,4.033333333333333,Indiana,USA,IND,"6'4"" - 6'6"""
719,Vince Carter,78.0,6.933333333333334,2.766666666666667,1.366666666666667,North Carolina,USA,ATL,"6'4"" - 6'6"""
720,Vincent Edwards,80.0,1.5,1.0,0.0,Purdue,USA,HOU,"6'7"" - 6'9"""
721,Vincent Hunter,80.0,1.5,0.8,0.0,Texas-El Paso,USA,MEM,"6'7"" - 6'9"""
722,Wade Baldwin IV,76.0,3.5000000000000004,1.1333333333333333,1.0999999999999999,Vanderbilt,USA,POR,"6'4"" - 6'6"""
723,Walt Lemon Jr.,75.0,8.85,2.45,3.0,None,USA,CHI,"6'1"" - 6'3"""
724,Wayne Ellington,76.66666666666667,10.666666666666666,2.3000000000000003,1.1666666666666667,North Carolina,USA,MIA,"6'4"" - 6'6"""
725,Wayne Selden,77.0,7.1000000000000005,1.7,1.4333333333333333,Kansas,USA,MEM,"6'4"" - 6'6"""
726,Wendell Carter Jr.,82.0,10.3,7.0,1.8,Duke,USA,CHI,"6'10"" - 7'"
727,Wes Iwundu,79.0,4.35,2.45,1.0,Kansas State,USA,ORL,"6'7"" - 6'9"""
728,Wesley Johnson,79.0,3.833333333333334,2.5,0.5666666666666668,Syracuse,USA,LAC,"6'7"" - 6'9"""
729,Wesley Matthews,77.0,12.799999999999999,3.033333333333333,2.6333333333333333,Marquette,USA,IND,"6'4"" - 6'6"""
730,Will Barton,78.0,13.633333333333333,4.633333333333333,3.466666666666667,Memphis,USA,DEN,"6'4"" - 6'6"""
731,Willie Cauley-Stein,84.0,10.933333333333332,6.633333333333333,1.9666666666666668,Kentucky,USA,SAC,"6'10"" - 7'"
732,Willie Reed,83.0,4.949999999999999,3.8,0.30000000000000004,St. Louis,USA,LAC,"6'10"" - 7'"
733,Willy Hernangomez,83.0,6.866666666666666,5.3999999999999995,1.0,None,Spain,CHA,"6'10"" - 7'"
734,Wilson Chandler,80.66666666666667,10.566666666666666,5.366666666666667,1.8999999999999997,DePaul,USA,DEN,"6'7"" - 6'9"""
735,Xavier Munford,76.0,0.5,0.2,0.7,Rhode Island,USA,MIL,"6'4"" - 6'6"""
736,Xavier Rathan-Mayes,76.0,5.8,1.0,3.6,Florida State,Canada,NYK,"6'4"" - 6'6"""
737,Xavier Silas,77.0,0.0,1.0,0.0,Northern Illinois,USA,BOS,"6'4"" - 6'6"""
738,Yante Maten,80.0,1.0,1.5,0.0,None,USA,MIA,"6'7"" - 6'9"""
739,Yogi Ferrell,72.0,8.700000000000001,2.3000000000000003,2.6999999999999997,Indiana,USA,DAL,<= 6ft
740,Yuta Watanabe,81.0,2.6,2.1,0.5,George Washington,Japan,MEM,"6'7"" - 6'9"""
741,Zach Collins,84.0,5.5,3.75,0.8500000000000001,Gonzaga,USA,POR,"6'10"" - 7'"
742,Zach LaVine,77.0,19.766666666666666,4.0,3.5,UCLA,USA,MIN,"6'4"" - 6'6"""
743,Zach Lofton,76.0,0.0,0.0,0.0,New Mexico State,USA,DET,"6'4"" - 6'6"""
744,Zach Randolph,81.0,14.3,7.449999999999999,1.9500000000000002,Michigan State,USA,SAC,"6'7"" - 6'9"""
745,Zaza Pachulia,83.0,5.133333333333334,4.833333333333334,1.5999999999999999,None,Georgia,GSW,"6'10"" - 7'"
746,Zhaire Smith,76.0,6.7,2.2,1.7,Texas Tech,USA,PHI,"6'4"" - 6'6"""
747,Zhou Qi,85.0,1.6,0.6,0.05,None,China,HOU,> 7ft
